element,sp_num,obs_wl_air(nm),ritz_wl_air(nm),unc_ritz_wl,intens,gA(s^-1),Acc,Ei(cm-1),Ek(cm-1),conf_i,term_i,J_i,conf_k,term_k,J_k,Type,tp_ref,line_ref,
Li,3,"=""""","=""291.4987632""","=""0.0000021""","=""""","=""2.3298e+08""",AA,"=""(925932.587659)""","=""(960228.00859)""","=""4p""","=""2P*""","=""1/2""","=""6d""","=""2D""","=""3/2""",,"=""T7771""","=""""",
Li,3,"=""""","=""291.5009894""","=""0.0000021""","=""""","=""1.4446e+08""",AA,"=""(925932.85143)""","=""(960228.010455)""","=""4s""","=""2S""","=""1/2""","=""6p""","=""2P*""","=""3/2""",,"=""T7771""","=""""",
Li,3,"=""""","=""291.5074187""","=""0.0000021""","=""""","=""1.9364e+07""",AA,"=""(925932.587659)""","=""(960226.990320)""","=""4p""","=""2P*""","=""1/2""","=""6s""","=""2S""","=""1/2""",,"=""T7771""","=""""",
Li,3,"=""""","=""291.5103265""","=""0.0000021""","=""""","=""7.2260e+07""",AA,"=""(925932.85143)""","=""(960226.912020)""","=""4s""","=""2S""","=""1/2""","=""6p""","=""2P*""","=""1/2""",,"=""T7771""","=""""",
Li,3,"=""""","=""291.5271194""","=""0.0000021""","=""""","=""5.8427e+08""",AA,"=""(925936.28876)""","=""(960228.374000)""","=""4d""","=""2D""","=""3/2""","=""6f""","=""2F*""","=""5/2""",,"=""T7771""","=""""",
Li,3,"=""""","=""291.5271663""","=""0.0000021""","=""""","=""4.1935e+08""",AA,"=""(925936.294951)""","=""(960228.37467)""","=""4p""","=""2P*""","=""3/2""","=""6d""","=""2D""","=""5/2""",,"=""T7771""","=""""",
Li,3,"=""""","=""291.5302102""","=""0.0000021""","=""""","=""3.0537e+06""",AA,"=""(925936.28876)""","=""(960228.010455)""","=""4d""","=""2D""","=""3/2""","=""6p""","=""2P*""","=""3/2""",,"=""T7771""","=""""",
Li,3,"=""""","=""291.5302786""","=""0.0000021""","=""""","=""4.6600e+07""",AA,"=""(925936.294951)""","=""(960228.00859)""","=""4p""","=""2P*""","=""3/2""","=""6d""","=""2D""","=""3/2""",,"=""T7771""","=""""",
Li,3,"=""""","=""291.5360516""","=""0.0000021""","=""""","=""8.5848e+08""",AA,"=""(925937.52206)""","=""(960228.556687)""","=""4f""","=""2F*""","=""5/2""","=""6g""","=""2G""","=""7/2""",,"=""T7771""","=""""",
Li,3,"=""""","=""291.5360676""","=""0.0000021""","=""""","=""8.3464e+08""",AA,"=""(925937.52429)""","=""(960228.557040)""","=""4d""","=""2D""","=""5/2""","=""6f""","=""2F*""","=""7/2""",,"=""T7771""","=""""",
Li,3,"=""""","=""291.5375992""","=""0.0000021""","=""""","=""4.9682e+05""",AA,"=""(925937.52206)""","=""(960228.37467)""","=""4f""","=""2F*""","=""5/2""","=""6d""","=""2D""","=""5/2""",,"=""T7771""","=""""",
Li,3,"=""""","=""291.5376238""","=""0.0000021""","=""""","=""4.1731e+07""",AA,"=""(925937.52429)""","=""(960228.374000)""","=""4d""","=""2D""","=""5/2""","=""6f""","=""2F*""","=""5/2""",,"=""T7771""","=""""",
Li,3,"=""""","=""291.5389361""","=""0.0000021""","=""""","=""3.8758e+07""",AA,"=""(925936.294951)""","=""(960226.990320)""","=""4p""","=""2P*""","=""3/2""","=""6s""","=""2S""","=""1/2""",,"=""T7771""","=""""",
Li,3,"=""""","=""291.5395492""","=""0.0000021""","=""""","=""1.5286e+07""",AA,"=""(925936.28876)""","=""(960226.912020)""","=""4d""","=""2D""","=""3/2""","=""6p""","=""2P*""","=""1/2""",,"=""T7771""","=""""",
Li,3,"=""""","=""291.5403701""","=""0.0000021""","=""""","=""1.1128e+09""",AA,"=""(925938.13979)""","=""(960228.666503)""","=""4f""","=""2F*""","=""7/2""","=""6g""","=""2G""","=""9/2""",,"=""T7771""","=""""",
Li,3,"=""""","=""291.5407117""","=""0.0000021""","=""""","=""6.9588e+06""",AA,"=""(925937.52206)""","=""(960228.00859)""","=""4f""","=""2F*""","=""5/2""","=""6d""","=""2D""","=""3/2""",,"=""T7771""","=""""",
Li,3,"=""""","=""291.5407148""","=""0.0000021""","=""""","=""2.7493e+07""",AA,"=""(925937.52429)""","=""(960228.010455)""","=""4d""","=""2D""","=""5/2""","=""6p""","=""2P*""","=""3/2""",,"=""T7771""","=""""",
Li,3,"=""""","=""291.5413038""","=""0.0000021""","=""""","=""3.1793e+07""",AA,"=""(925938.13979)""","=""(960228.556687)""","=""4f""","=""2F*""","=""7/2""","=""6g""","=""2G""","=""7/2""",,"=""T7771""","=""""",
Li,3,"=""""","=""291.5428514""","=""0.0000021""","=""""","=""9.9384e+06""",AA,"=""(925938.13979)""","=""(960228.37467)""","=""4f""","=""2F*""","=""7/2""","=""6d""","=""2D""","=""5/2""",,"=""T7771""","=""""",
Li,2,"=""293.402""","=""""","=""""","=""2""","=""""",,"=""""","=""""","=""""","=""""","=""""","=""""","=""""","=""""",,"=""""","=""L3501""",
Li,2,"=""293.407""","=""""","=""""","=""2""","=""""",,"=""""","=""""","=""""","=""""","=""""","=""""","=""""","=""""",,"=""""","=""L3501""",
Li,2,"=""293.412""","=""""","=""""","=""5""","=""""",,"=""""","=""""","=""""","=""""","=""""","=""""","=""""","=""""",,"=""""","=""L3501""",
Li,2,"=""293.425""","=""""","=""""","=""1""","=""""",,"=""""","=""""","=""""","=""""","=""""","=""""","=""""","=""""",,"=""""","=""L3501""",
Li,2,"=""""","=""295.410""","=""0.020""","=""""","=""6.0927e+07""",AAA,"=""[558777.01]""","=""[592618.4]""","=""1s.3s""","=""1S""","=""0""","=""1s.5p""","=""1P*""","=""1""",,"=""T8636c73""","=""""",
Li,2,"=""""","=""296.3279""","=""0.0016""","=""""","=""5.6915e+02""",AAA,"=""[558777.01]""","=""[592513.56]""","=""1s.3s""","=""1S""","=""0""","=""1s.5d""","=""1D""","=""2""",E2,"=""T7378""","=""""",
Li,1,"=""296.8""","=""""","=""""","=""""","=""""",,"=""""","=""""","=""""","=""""","=""""","=""""","=""""","=""""",,"=""""","=""L1614""",
Li,2,"=""""","=""302.908""","=""0.014""","=""""","=""2.0896e+08""",AAA,"=""[559499.5]""","=""[592503.22]""","=""1s.3p""","=""3P*""","=""1""","=""1s.5d""","=""3D""","=""2""",,"=""T8636c73""","=""""",
Li,2,"=""302.912""","=""302.912""","=""0.014""","=""3*""","=""6.9666e+07""",AAA,"=""[559499.5]""","=""[592502.83]""","=""1s.3p""","=""3P*""","=""1""","=""1s.5d""","=""3D""","=""1""",,"=""T8636c73""","=""L3501""",
Li,2,"=""302.912""","=""302.912""","=""0.007""","=""3*""","=""3.9012e+08""",AAA,"=""[559500.55]""","=""[592503.88]""","=""1s.3p""","=""3P*""","=""2""","=""1s.5d""","=""3D""","=""3""",,"=""T8636c73""","=""L3501""",
Li,2,"=""302.914""","=""302.918""","=""0.007""","=""3""","=""6.9660e+07""",AAA,"=""[559500.55]""","=""[592503.22]""","=""1s.3p""","=""3P*""","=""2""","=""1s.5d""","=""3D""","=""2""",,"=""T8636c73""","=""L3501""",
Li,2,"=""""","=""302.921""","=""0.008""","=""""","=""4.6443e+06""",AAA,"=""[559500.55]""","=""[592502.83]""","=""1s.3p""","=""3P*""","=""2""","=""1s.5d""","=""3D""","=""1""",,"=""T8636c73""","=""""",
Li,2,"=""""","=""302.929""","=""0.003""","=""""","=""9.2886e+07""",AAA,"=""[559501.45]""","=""[592502.83]""","=""1s.3p""","=""3P*""","=""0""","=""1s.5d""","=""3D""","=""1""",,"=""T8636c73""","=""""",
Li,1,"=""314.4""","=""""","=""""","=""""","=""""",,"=""""","=""""","=""""","=""""","=""""","=""""","=""""","=""""",,"=""""","=""L1614""",
Li,2,"=""315.531""","=""315.526""","=""0.015""","=""3""","=""3.2127e+07""",AAA,"=""[559499.5]""","=""[591183.39]""","=""1s.3p""","=""3P*""","=""1""","=""1s.5s""","=""3S""","=""1""",,"=""T8636c73""","=""L3501""",
Li,2,"=""315.533""","=""315.537""","=""0.008""","=""4""","=""5.3550e+07""",AAA,"=""[559500.55]""","=""[591183.39]""","=""1s.3p""","=""3P*""","=""2""","=""1s.5s""","=""3S""","=""1""",,"=""T8636c73""","=""L3501""",
Li,2,"=""""","=""315.546""","=""0.003""","=""""","=""1.0710e+07""",AAA,"=""[559501.45]""","=""[591183.39]""","=""1s.3p""","=""3P*""","=""0""","=""1s.5s""","=""3S""","=""1""",,"=""T8636c73""","=""""",
Li,2,"=""""","=""318.931""","=""0.023""","=""""","=""6.0264e+06""",AAA,"=""[561272.75]""","=""[592618.4]""","=""1s.3d""","=""1D""","=""2""","=""1s.5p""","=""1P*""","=""1""",,"=""T8636c73""","=""""",
Li,2,"=""""","=""319.6216""","=""0.0014""","=""""","=""9.184e+07""",AA,"=""[561242.28]""","=""[592520.24]""","=""1s.3d""","=""3D""","=""2""","=""1s.5f""","=""1F*""","=""3""",,"=""T8636c73""","=""""",
Li,2,"=""319.626""","=""319.6318""","=""0.0014""","=""1*""","=""3.6332e+08""",AAA,"=""[561242.28]""","=""[592519.24]""","=""1s.3d""","=""3D""","=""2""","=""1s.5f""","=""3F*""","=""3""",,"=""T8636c73""","=""L3501""",
Li,2,"=""319.626""","=""319.6318""","=""0.0014""","=""1*""","=""5.6870e+07""",AAA,"=""[561242.28]""","=""[592519.24]""","=""1s.3d""","=""3D""","=""2""","=""1s.5f""","=""3F*""","=""2""",,"=""T8636c73""","=""L3501""",
Li,2,"=""""","=""319.6279""","=""0.0014""","=""""","=""1.241e+07""",AA,"=""[561242.90]""","=""[592520.24]""","=""1s.3d""","=""3D""","=""3""","=""1s.5f""","=""1F*""","=""3""",,"=""T8636c73""","=""""",
Li,2,"=""319.633""","=""319.6381""","=""0.0014""","=""9*""","=""6.5830e+08""",AAA,"=""[561242.90]""","=""[592519.24]""","=""1s.3d""","=""3D""","=""3""","=""1s.5f""","=""3F*""","=""4""",,"=""T8636c73""","=""L3501""",
Li,2,"=""319.633""","=""319.6381""","=""0.0014""","=""9*""","=""1.6254e+06""",AAA,"=""[561242.90]""","=""[592519.24]""","=""1s.3d""","=""3D""","=""3""","=""1s.5f""","=""3F*""","=""2""",,"=""T8636c73""","=""L3501""",
Li,2,"=""319.633""","=""319.6381""","=""0.0014""","=""9*""","=""4.4480e+07""",AAA,"=""[561242.90]""","=""[592519.24]""","=""1s.3d""","=""3D""","=""3""","=""1s.5f""","=""3F*""","=""3""",,"=""T8636c73""","=""L3501""",
Li,2,"=""319.636""","=""319.6435""","=""0.0023""","=""4""","=""3.0722e+08""",AAA,"=""[561243.43]""","=""[592519.24]""","=""1s.3d""","=""3D""","=""1""","=""1s.5f""","=""3F*""","=""2""",,"=""T8636c73""","=""L3501""",
Li,2,"=""319.933""","=""319.9332""","=""0.0014""","=""5""","=""4.0639e+08""",AAA,"=""[561272.75]""","=""[592520.24]""","=""1s.3d""","=""1D""","=""2""","=""1s.5f""","=""1F*""","=""3""",,"=""T8636c73""","=""L3501""",
Li,2,"=""319.943""","=""319.9435""","=""0.0014""","=""2""","=""1.038e+08""",AA,"=""[561272.75]""","=""[592519.24]""","=""1s.3d""","=""1D""","=""2""","=""1s.5f""","=""3F*""","=""3""",,"=""T8636c73""","=""L3501""",
Li,2,"=""""","=""319.9435""","=""0.0014""","=""""","=""2.043e+04""",AA,"=""[561272.75]""","=""[592519.24]""","=""1s.3d""","=""1D""","=""2""","=""1s.5f""","=""3F*""","=""2""",,"=""T8636c73""","=""""",
Li,1,"=""323.266""","=""323.2657""","=""0.0015""","=""17*""","=""4.008e+06""",AA,"=""0.00""","=""30925.38""","=""1s2.2s""","=""2S""","=""1/2""","=""1s2.3p""","=""2P*""","=""3/2""",,"=""T7401LS""","=""L7397""",
Li,1,"=""323.266""","=""323.2657""","=""0.0015""","=""17*""","=""2.004e+06""",AA,"=""0.00""","=""30925.38""","=""1s2.2s""","=""2S""","=""1/2""","=""1s2.3p""","=""2P*""","=""1/2""",,"=""T7401LS""","=""L7397""",
Li,2,"=""""","=""323.6197""","=""0.0015""","=""""","=""2.9590e+06""",AAA,"=""[561242.28]""","=""[592133.83]""","=""1s.3d""","=""3D""","=""2""","=""1s.5p""","=""3P*""","=""2""",,"=""T8636c73""","=""""",
Li,2,"=""""","=""323.6262""","=""0.0015""","=""""","=""1.6576e+07""",AAA,"=""[561242.90]""","=""[592133.83]""","=""1s.3d""","=""3D""","=""3""","=""1s.5p""","=""3P*""","=""2""",,"=""T8636c73""","=""""",
Li,2,"=""""","=""323.6267""","=""0.0015""","=""""","=""8.8776e+06""",AAA,"=""[561242.28]""","=""[592133.16]""","=""1s.3d""","=""3D""","=""2""","=""1s.5p""","=""3P*""","=""1""",,"=""T8636c73""","=""""",
Li,2,"=""""","=""323.6318""","=""0.0023""","=""""","=""1.9734e+05""",AAA,"=""[561243.43]""","=""[592133.83]""","=""1s.3d""","=""3D""","=""1""","=""1s.5p""","=""3P*""","=""2""",,"=""T8636c73""","=""""",
Li,2,"=""""","=""323.6388""","=""0.0023""","=""""","=""2.9600e+06""",AAA,"=""[561243.43]""","=""[592133.16]""","=""1s.3d""","=""3D""","=""1""","=""1s.5p""","=""3P*""","=""1""",,"=""T8636c73""","=""""",
Li,2,"=""""","=""323.6428""","=""0.0023""","=""""","=""3.9467e+06""",AAA,"=""[561243.43]""","=""[592132.78]""","=""1s.3d""","=""3D""","=""1""","=""1s.5p""","=""3P*""","=""0""",,"=""T8636c73""","=""""",
Li,2,"=""""","=""323.883""","=""0.024""","=""""","=""2.7138e+02""",AAA,"=""[561751.95]""","=""[592618.4]""","=""1s.3p""","=""1P*""","=""1""","=""1s.5p""","=""1P*""","=""1""",E2,"=""T7378""","=""""",
Li,2,"=""324.987""","=""324.9868""","=""0.0022""","=""""","=""2.6776e+08""",AAA,"=""[561751.95]""","=""[592513.56]""","=""1s.3p""","=""1P*""","=""1""","=""1s.5d""","=""1D""","=""2""",,"=""T8636c73""","=""L3501""",
Li,2,"=""""","=""325.4701""","=""0.0019""","=""""","=""4.6387e+01""",AAA,"=""[561272.75]""","=""[591988.68]""","=""1s.3d""","=""1D""","=""2""","=""1s.5s""","=""1S""","=""0""",E2,"=""T7378""","=""""",
Li,2,"=""330.628""","=""330.6284""","=""0.0023""","=""""","=""2.5203e+07""",AAA,"=""[561751.95]""","=""[591988.68]""","=""1s.3p""","=""1P*""","=""1""","=""1s.5s""","=""1S""","=""0""",,"=""T8636c73""","=""L3501""",
Li,1,"=""348.8""","=""348.8""","=""1.7""","=""*""","=""""",,"=""494570""","=""523230""","=""1s.2s.3p""","=""4P*""","=""5/2""","=""1s.2p.3p""","=""4P""","=""5/2""",,"=""""","=""L1235,L3354""",
Li,1,"=""348.8""","=""348.8""","=""1.7""","=""*""","=""""",,"=""494570""","=""523230""","=""1s.2s.3p""","=""4P*""","=""5/2""","=""1s.2p.3p""","=""4P""","=""3/2""",,"=""""","=""L1235,L3354""",
Li,1,"=""348.8""","=""348.8""","=""1.7""","=""*""","=""""",,"=""494570""","=""523230""","=""1s.2s.3p""","=""4P*""","=""3/2""","=""1s.2p.3p""","=""4P""","=""5/2""",,"=""""","=""L1235,L3354""",
Li,1,"=""348.8""","=""348.8""","=""1.7""","=""*""","=""""",,"=""494570""","=""523230""","=""1s.2s.3p""","=""4P*""","=""3/2""","=""1s.2p.3p""","=""4P""","=""3/2""",,"=""""","=""L1235,L3354""",
Li,1,"=""348.8""","=""348.8""","=""1.7""","=""*""","=""""",,"=""494570""","=""523230""","=""1s.2s.3p""","=""4P*""","=""3/2""","=""1s.2p.3p""","=""4P""","=""1/2""",,"=""""","=""L1235,L3354""",
Li,1,"=""348.8""","=""348.8""","=""1.7""","=""*""","=""""",,"=""494570""","=""523230""","=""1s.2s.3p""","=""4P*""","=""1/2""","=""1s.2p.3p""","=""4P""","=""3/2""",,"=""""","=""L1235,L3354""",
Li,1,"=""348.8""","=""348.8""","=""1.7""","=""*""","=""""",,"=""494570""","=""523230""","=""1s.2s.3p""","=""4P*""","=""1/2""","=""1s.2p.3p""","=""4P""","=""1/2""",,"=""""","=""L1235,L3354""",
Li,1,"=""357.98""","=""""","=""""","=""""","=""""",,"=""""","=""""","=""""","=""""","=""""","=""""","=""""","=""""",,"=""""","=""L1560""",
Li,1,"=""361.8""","=""361.8""","=""1.9""","=""*""","=""""",,"=""490440""","=""518070""","=""1s.2p2""","=""4P""","=""5/2""","=""1s.2p.4s""","=""4P*""","=""5/2""",,"=""""","=""L1235,L3354""",
Li,1,"=""361.8""","=""361.8""","=""1.9""","=""*""","=""""",,"=""490440""","=""518070""","=""1s.2p2""","=""4P""","=""5/2""","=""1s.2p.4s""","=""4P*""","=""3/2""",,"=""""","=""L1235,L3354""",
Li,1,"=""361.8""","=""361.8""","=""1.9""","=""*""","=""""",,"=""490440""","=""518070""","=""1s.2p2""","=""4P""","=""3/2""","=""1s.2p.4s""","=""4P*""","=""5/2""",,"=""""","=""L1235,L3354""",
Li,1,"=""361.8""","=""361.8""","=""1.9""","=""*""","=""""",,"=""490440""","=""518070""","=""1s.2p2""","=""4P""","=""3/2""","=""1s.2p.4s""","=""4P*""","=""3/2""",,"=""""","=""L1235,L3354""",
Li,1,"=""361.8""","=""361.8""","=""1.9""","=""*""","=""""",,"=""490440""","=""518070""","=""1s.2p2""","=""4P""","=""3/2""","=""1s.2p.4s""","=""4P*""","=""1/2""",,"=""""","=""L1235,L3354""",
Li,1,"=""361.8""","=""361.8""","=""1.9""","=""*""","=""""",,"=""490440""","=""518070""","=""1s.2p2""","=""4P""","=""1/2""","=""1s.2p.4s""","=""4P*""","=""3/2""",,"=""""","=""L1235,L3354""",
Li,1,"=""361.8""","=""361.8""","=""1.9""","=""*""","=""""",,"=""490440""","=""518070""","=""1s.2p2""","=""4P""","=""1/2""","=""1s.2p.4s""","=""4P*""","=""1/2""",,"=""""","=""L1235,L3354""",
Li,1,"=""366.2""","=""""","=""""","=""""","=""""",,"=""""","=""""","=""""","=""""","=""""","=""""","=""""","=""""",,"=""""","=""L1614""",
Li,1,"=""""","=""367.169""","=""0.014""","=""""","=""5.596e+06""",AA,"=""14903.66""","=""42131.3""","=""1s2.2p""","=""2P*""","=""1/2""","=""1s2.9d""","=""2D""","=""3/2""",,"=""T6835LS""","=""""",
Li,1,"=""""","=""367.174""","=""0.014""","=""""","=""1.119e+06""",AA,"=""14904.00""","=""42131.3""","=""1s2.2p""","=""2P*""","=""3/2""","=""1s2.9d""","=""2D""","=""3/2""",,"=""T6835LS""","=""""",
Li,1,"=""""","=""367.174""","=""0.014""","=""""","=""1.007e+07""",AA,"=""14904.00""","=""42131.3""","=""1s2.2p""","=""2P*""","=""3/2""","=""1s2.9d""","=""2D""","=""5/2""",,"=""T6835LS""","=""""",
Li,2,"=""368.432""","=""368.4602""","=""0.0019""","=""""","=""1.5294e+08""",AAA,"=""[554753.58]""","=""[581885.83]""","=""1s.3s""","=""3S""","=""1""","=""1s.4p""","=""3P*""","=""2""",,"=""T8636c73""","=""L3501""",
Li,2,"=""""","=""368.4700""","=""0.0019""","=""""","=""9.1740e+07""",AAA,"=""[554753.58]""","=""[581885.11]""","=""1s.3s""","=""3S""","=""1""","=""1s.4p""","=""3P*""","=""1""",,"=""T8636c73""","=""""",
Li,2,"=""""","=""368.4754""","=""0.0019""","=""""","=""3.0580e+07""",AAA,"=""[554753.58]""","=""[581884.71]""","=""1s.3s""","=""3S""","=""1""","=""1s.4p""","=""3P*""","=""0""",,"=""T8636c73""","=""""",
Li,2,"=""371.400""","=""""","=""""","=""1""","=""""",,"=""""","=""""","=""""","=""""","=""""","=""""","=""""","=""""",,"=""""","=""L3501""",
Li,2,"=""371.416""","=""""","=""""","=""5""","=""""",,"=""""","=""""","=""""","=""""","=""""","=""""","=""""","=""""",,"=""""","=""L3501""",
Li,2,"=""371.427""","=""""","=""""","=""6bl""","=""""",,"=""""","=""""","=""""","=""""","=""""","=""""","=""""","=""""",,"=""""","=""L3501""",
Li,2,"=""371.429""","=""""","=""""","=""8""","=""""",,"=""""","=""""","=""""","=""""","=""""","=""""","=""""","=""""",,"=""""","=""L3501""",
Li,2,"=""371.440""","=""""","=""""","=""7bl""","=""""",,"=""""","=""""","=""""","=""""","=""""","=""""","=""""","=""""",,"=""""","=""L3501""",
Li,2,"=""371.441""","=""""","=""""","=""10""","=""""",,"=""""","=""""","=""""","=""""","=""""","=""""","=""""","=""""",,"=""""","=""L3501""",
Li,2,"=""371.451""","=""""","=""""","=""1""","=""""",,"=""""","=""""","=""""","=""""","=""""","=""""","=""""","=""""",,"=""""","=""L3501""",
Li,2,"=""371.458""","=""""","=""""","=""""","=""""",,"=""""","=""""","=""""","=""""","=""""","=""""","=""""","=""""",,"=""""","=""L3501""",
Li,1,"=""371.87""","=""372.089""","=""0.014""","=""3*""","=""8.044e+06""",AA,"=""14903.66""","=""41771.3""","=""1s2.2p""","=""2P*""","=""1/2""","=""1s2.8d""","=""2D""","=""3/2""",,"=""T6835LS""","=""L7397""",
Li,1,"=""371.87""","=""372.094""","=""0.014""","=""3*""","=""1.448e+07""",AA,"=""14904.00""","=""41771.3""","=""1s2.2p""","=""2P*""","=""3/2""","=""1s2.8d""","=""2D""","=""5/2""",,"=""T6835LS""","=""L7397""",
Li,1,"=""371.87""","=""372.094""","=""0.014""","=""3*""","=""1.609e+06""",AA,"=""14904.00""","=""41771.3""","=""1s2.2p""","=""2P*""","=""3/2""","=""1s2.8d""","=""2D""","=""3/2""",,"=""T6835LS""","=""L7397""",
Li,1,"=""""","=""374.658""","=""0.014""","=""""","=""6.74e+05""",A,"=""14903.66""","=""41587.1""","=""1s2.2p""","=""2P*""","=""1/2""","=""1s2.8s""","=""2S""","=""1/2""",,"=""T5118LS""","=""""",
Li,1,"=""""","=""374.663""","=""0.014""","=""""","=""1.35e+06""",A,"=""14904.00""","=""41587.1""","=""1s2.2p""","=""2P*""","=""3/2""","=""1s2.8s""","=""2S""","=""1/2""",,"=""T5118LS""","=""""",
Li,1,"=""379.472""","=""379.502""","=""0.014""","=""6*""","=""1.216e+07""",AA,"=""14903.66""","=""41246.5""","=""1s2.2p""","=""2P*""","=""1/2""","=""1s2.7d""","=""2D""","=""3/2""",,"=""T6835LS""","=""L7397""",
Li,1,"=""379.472""","=""379.507""","=""0.014""","=""6*""","=""2.189e+07""",AA,"=""14904.00""","=""41246.5""","=""1s2.2p""","=""2P*""","=""3/2""","=""1s2.7d""","=""2D""","=""5/2""",,"=""T6835LS""","=""L7397""",
Li,1,"=""379.472""","=""379.507""","=""0.014""","=""6*""","=""2.433e+06""",AA,"=""14904.00""","=""41246.5""","=""1s2.2p""","=""2P*""","=""3/2""","=""1s2.7d""","=""2D""","=""3/2""",,"=""T6835LS""","=""L7397""",
Li,1,"=""""","=""383.559""","=""0.015""","=""""","=""1.04e+06""",A,"=""14903.66""","=""40967.9""","=""1s2.2p""","=""2P*""","=""1/2""","=""1s2.7s""","=""2S""","=""1/2""",,"=""T5118LS""","=""""",
Li,1,"=""""","=""383.564""","=""0.015""","=""""","=""2.08e+06""",A,"=""14904.00""","=""40967.9""","=""1s2.2p""","=""2P*""","=""3/2""","=""1s2.7s""","=""2S""","=""1/2""",,"=""T5118LS""","=""""",
Li,2,"=""""","=""387.8838""","=""0.0021""","=""""","=""1.144e+02""",AA,"=""[476034.11]""","=""[501807.72]""","=""1s.2s""","=""3S""","=""1""","=""1s.2p""","=""1P*""","=""1""",,"=""T8636c73""","=""""",
Li,1,"=""391.530""","=""391.5292""","=""0.0022""","=""20""","=""1.986e+07""",AA,"=""14903.66""","=""40437.31""","=""1s2.2p""","=""2P*""","=""1/2""","=""1s2.6d""","=""2D""","=""3/2""",,"=""T6835LS""","=""L7397""",
Li,1,"=""391.535""","=""391.5342""","=""0.0022""","=""20*""","=""3.575e+07""",AA,"=""14904.00""","=""40437.32""","=""1s2.2p""","=""2P*""","=""3/2""","=""1s2.6d""","=""2D""","=""5/2""",,"=""T6835LS""","=""L7397""",
Li,1,"=""391.535""","=""391.5344""","=""0.0022""","=""20*""","=""3.970e+06""",AA,"=""14904.00""","=""40437.31""","=""1s2.2p""","=""2P*""","=""3/2""","=""1s2.6d""","=""2D""","=""3/2""",,"=""T6835LS""","=""L7397""",
Li,1,"=""398.548""","=""398.5481""","=""0.0022""","=""10""","=""1.72e+06""",A,"=""14903.66""","=""39987.64""","=""1s2.2p""","=""2P*""","=""1/2""","=""1s2.6s""","=""2S""","=""1/2""",,"=""T5118LS""","=""L7397""",
Li,1,"=""398.554""","=""398.5535""","=""0.0022""","=""10""","=""3.46e+06""",A,"=""14904.00""","=""39987.64""","=""1s2.2p""","=""2P*""","=""3/2""","=""1s2.6s""","=""2S""","=""1/2""",,"=""T5118LS""","=""L7397""",
Li,1,"=""413.256""","=""413.2557""","=""0.0024""","=""40""","=""3.62e+07""",A,"=""14903.66""","=""39094.93""","=""1s2.2p""","=""2P*""","=""1/2""","=""1s2.5d""","=""2D""","=""3/2""",,"=""T5118LS""","=""L7397""",
Li,1,"=""413.262""","=""413.2613""","=""0.0024""","=""40*""","=""6.54e+07""",A,"=""14904.00""","=""39094.94""","=""1s2.2p""","=""2P*""","=""3/2""","=""1s2.5d""","=""2D""","=""5/2""",,"=""T5118LS""","=""L7397""",
Li,1,"=""413.262""","=""413.2615""","=""0.0024""","=""40*""","=""7.24e+06""",A,"=""14904.00""","=""39094.93""","=""1s2.2p""","=""2P*""","=""3/2""","=""1s2.5d""","=""2D""","=""3/2""",,"=""T5118LS""","=""L7397""",
Li,2,"=""415.645""","=""415.519""","=""0.021""","=""""","=""1.0232e+08""",AAA,"=""[558777.01]""","=""[582836.5]""","=""1s.3s""","=""1S""","=""0""","=""1s.4p""","=""1P*""","=""1""",,"=""T8636c73""","=""L3501""",
Li,2,"=""""","=""419.115""","=""0.003""","=""""","=""1.5186e+03""",AAA,"=""[558777.01]""","=""[582630.08]""","=""1s.3s""","=""1S""","=""0""","=""1s.4d""","=""1D""","=""2""",E2,"=""T7378""","=""""",
Li,1,"=""419.6""","=""""","=""""","=""""","=""""",,"=""""","=""""","=""""","=""""","=""""","=""""","=""""","=""""",,"=""""","=""L1614""",
Li,1,"=""427.307""","=""427.306""","=""0.003""","=""20""","=""3.16e+06""",A,"=""14903.66""","=""38299.50""","=""1s2.2p""","=""2P*""","=""1/2""","=""1s2.5s""","=""2S""","=""1/2""",,"=""T5118LS""","=""L7397""",
Li,1,"=""427.313""","=""427.312""","=""0.003""","=""20""","=""6.34e+06""",A,"=""14904.00""","=""38299.50""","=""1s2.2p""","=""2P*""","=""3/2""","=""1s2.5s""","=""2S""","=""1/2""",,"=""T5118LS""","=""L7397""",
Li,2,"=""""","=""432.21""","=""0.03""","=""""","=""7.010e+04""",AA,"=""[559499.5]""","=""[582630.08]""","=""1s.3p""","=""3P*""","=""1""","=""1s.4d""","=""1D""","=""2""",,"=""T8636c73""","=""""",
Li,2,"=""""","=""432.226""","=""0.015""","=""""","=""2.718e+04""",AA,"=""[559500.55]""","=""[582630.08]""","=""1s.3p""","=""3P*""","=""2""","=""1s.4d""","=""1D""","=""2""",,"=""T8636c73""","=""""",
Li,2,"=""""","=""432.53""","=""0.03""","=""""","=""4.0350e+08""",AAA,"=""[559499.5]""","=""[582612.54]""","=""1s.3p""","=""3P*""","=""1""","=""1s.4d""","=""3D""","=""2""",,"=""T8636c73""","=""""",
Li,2,"=""432.542""","=""432.54""","=""0.03""","=""5*""","=""1.3453e+08""",AAA,"=""[559499.5]""","=""[582612.15]""","=""1s.3p""","=""3P*""","=""1""","=""1s.4d""","=""3D""","=""1""",,"=""T8636c73""","=""L3501""",
Li,2,"=""432.542""","=""432.542""","=""0.015""","=""5*""","=""7.5334e+08""",AAA,"=""[559500.55]""","=""[582613.20]""","=""1s.3p""","=""3P*""","=""2""","=""1s.4d""","=""3D""","=""3""",,"=""T8636c73""","=""L3501""",
Li,2,"=""432.547""","=""432.554""","=""0.015""","=""5""","=""1.3450e+08""",AAA,"=""[559500.55]""","=""[582612.54]""","=""1s.3p""","=""3P*""","=""2""","=""1s.4d""","=""3D""","=""2""",,"=""T8636c73""","=""L3501""",
Li,2,"=""432.554""","=""432.562""","=""0.015""","=""1""","=""8.9688e+06""",AAA,"=""[559500.55]""","=""[582612.15]""","=""1s.3p""","=""3P*""","=""2""","=""1s.4d""","=""3D""","=""1""",,"=""T8636c73""","=""L3501""",
Li,2,"=""""","=""432.578""","=""0.007""","=""""","=""1.7937e+08""",AAA,"=""[559501.45]""","=""[582612.15]""","=""1s.3p""","=""3P*""","=""0""","=""1s.4d""","=""3D""","=""1""",,"=""T8636c73""","=""""",
Li,3,"=""""","=""449.8225057""","=""0.0000023""","=""""","=""4.0140e+08""",AA,"=""(925932.587659)""","=""(948157.34398)""","=""4p""","=""2P*""","=""1/2""","=""5d""","=""2D""","=""3/2""",,"=""T7771""","=""""",
Li,3,"=""""","=""449.8277799""","=""0.0000023""","=""""","=""2.3895e+08""",AA,"=""(925932.85143)""","=""(948157.347169)""","=""4s""","=""2S""","=""1/2""","=""5p""","=""2P*""","=""3/2""",,"=""T7771""","=""""",
Li,3,"=""""","=""449.8581249""","=""0.0000023""","=""""","=""3.4870e+07""",AA,"=""(925932.587659)""","=""(948155.58428)""","=""4p""","=""2P*""","=""1/2""","=""5s""","=""2S""","=""1/2""",,"=""T7771""","=""""",
Li,3,"=""""","=""449.8662020""","=""0.0000023""","=""""","=""1.1954e+08""",AA,"=""(925932.85143)""","=""(948155.449056)""","=""4s""","=""2S""","=""1/2""","=""5p""","=""2P*""","=""1/2""",,"=""T7771""","=""""",
Li,3,"=""""","=""449.8846443""","=""0.0000025""","=""""","=""1.1732e+09""",AA,"=""(925936.28876)""","=""(948157.97542)""","=""4d""","=""2D""","=""3/2""","=""5f""","=""2F*""","=""5/2""",,"=""T7771""","=""""",
Li,3,"=""""","=""449.8847466""","=""0.0000023""","=""""","=""7.2264e+08""",AA,"=""(925936.294951)""","=""(948157.97656)""","=""4p""","=""2P*""","=""3/2""","=""5d""","=""2D""","=""5/2""",,"=""T7771""","=""""",
Li,3,"=""""","=""449.8973640""","=""0.0000025""","=""""","=""6.1112e+06""",AA,"=""(925936.28876)""","=""(948157.347169)""","=""4d""","=""2D""","=""3/2""","=""5p""","=""2P*""","=""3/2""",,"=""T7771""","=""""",
Li,3,"=""""","=""449.8975539""","=""0.0000023""","=""""","=""8.0300e+07""",AA,"=""(925936.294951)""","=""(948157.34398)""","=""4p""","=""2P*""","=""3/2""","=""5d""","=""2D""","=""3/2""",,"=""T7771""","=""""",
Li,3,"=""""","=""449.9032229""","=""0.0000023""","=""""","=""2.6603e+09""",AA,"=""(925937.52206)""","=""(948158.291096)""","=""4f""","=""2F*""","=""5/2""","=""5g""","=""2G""","=""7/2""",,"=""T7771""","=""""",
Li,3,"=""""","=""449.9032561""","=""0.0000025""","=""""","=""1.6761e+09""",AA,"=""(925937.52429)""","=""(948158.29169)""","=""4d""","=""2D""","=""5/2""","=""5f""","=""2F*""","=""7/2""",,"=""T7771""","=""""",
Li,3,"=""""","=""449.9095915""","=""0.0000024""","=""""","=""1.1692e+06""",AA,"=""(925937.52206)""","=""(948157.97656)""","=""4f""","=""2F*""","=""5/2""","=""5d""","=""2D""","=""5/2""",,"=""T7771""","=""""",
Li,3,"=""""","=""449.909660""","=""0.000003""","=""""","=""8.3802e+07""",AA,"=""(925937.52429)""","=""(948157.97542)""","=""4d""","=""2D""","=""5/2""","=""5f""","=""2F*""","=""5/2""",,"=""T7771""","=""""",
Li,3,"=""""","=""449.9118883""","=""0.0000023""","=""""","=""3.4486e+09""",AA,"=""(925938.13979)""","=""(948158.480859)""","=""4f""","=""2F*""","=""7/2""","=""5g""","=""2G""","=""9/2""",,"=""T7771""","=""""",
Li,3,"=""""","=""449.9157307""","=""0.0000023""","=""""","=""9.8528e+07""",AA,"=""(925938.13979)""","=""(948158.291096)""","=""4f""","=""2F*""","=""7/2""","=""5g""","=""2G""","=""7/2""",,"=""T7771""","=""""",
Li,3,"=""""","=""449.9220996""","=""0.0000024""","=""""","=""2.3388e+07""",AA,"=""(925938.13979)""","=""(948157.97656)""","=""4f""","=""2F*""","=""7/2""","=""5d""","=""2D""","=""5/2""",,"=""T7771""","=""""",
Li,3,"=""""","=""449.9223809""","=""0.0000025""","=""""","=""5.5020e+07""",AA,"=""(925937.52429)""","=""(948157.347169)""","=""4d""","=""2D""","=""5/2""","=""5p""","=""2P*""","=""3/2""",,"=""T7771""","=""""",
Li,3,"=""""","=""449.9224003""","=""0.0000024""","=""""","=""1.6376e+07""",AA,"=""(925937.52206)""","=""(948157.34398)""","=""4f""","=""2F*""","=""5/2""","=""5d""","=""2D""","=""3/2""",,"=""T7771""","=""""",
Li,3,"=""""","=""449.9331850""","=""0.0000023""","=""""","=""6.9798e+07""",AA,"=""(925936.294951)""","=""(948155.58428)""","=""4p""","=""2P*""","=""3/2""","=""5s""","=""2S""","=""1/2""",,"=""T7771""","=""""",
Li,3,"=""""","=""449.9357979""","=""0.0000025""","=""""","=""3.0594e+07""",AA,"=""(925936.28876)""","=""(948155.449056)""","=""4d""","=""2D""","=""3/2""","=""5p""","=""2P*""","=""1/2""",,"=""T7771""","=""""",
Li,1,"=""460.283""","=""460.282""","=""0.003""","=""13""","=""7.740e+07""",AA,"=""14903.66""","=""36623.38""","=""1s2.2p""","=""2P*""","=""1/2""","=""1s2.4d""","=""2D""","=""3/2""",,"=""T6620LS""","=""L7397""",
Li,1,"=""460.289""","=""460.289""","=""0.003""","=""13*""","=""1.393e+08""",AA,"=""14904.00""","=""36623.40""","=""1s2.2p""","=""2P*""","=""3/2""","=""1s2.4d""","=""2D""","=""5/2""",,"=""T6620LS""","=""L7397""",
Li,1,"=""460.289""","=""460.289""","=""0.003""","=""13*""","=""1.548e+07""",AA,"=""14904.00""","=""36623.38""","=""1s2.2p""","=""2P*""","=""3/2""","=""1s2.4d""","=""2D""","=""3/2""",,"=""T6620LS""","=""L7397""",
Li,2,"=""460.734""","=""""","=""""","=""""","=""""",,"=""""","=""""","=""""","=""""","=""""","=""""","=""""","=""""",,"=""""","=""L3501""",
Li,2,"=""""","=""463.61""","=""0.03""","=""""","=""1.3954e+07""",AAA,"=""[561272.75]""","=""[582836.5]""","=""1s.3d""","=""1D""","=""2""","=""1s.4p""","=""1P*""","=""1""",,"=""T8636c73""","=""""",
Li,2,"=""""","=""467.140""","=""0.003""","=""""","=""3.817e+08""",AA,"=""[561242.28]""","=""[582643.17]""","=""1s.3d""","=""3D""","=""2""","=""1s.4f""","=""1F*""","=""3""",,"=""T8636c73""","=""""",
Li,2,"=""467.151""","=""467.163""","=""0.003""","=""*""","=""9.9547e+08""",AAA,"=""[561242.28]""","=""[582642.10]""","=""1s.3d""","=""3D""","=""2""","=""1s.4f""","=""3F*""","=""3""",,"=""T8636c73""","=""L3501""",
Li,2,"=""467.151""","=""467.163""","=""0.003""","=""*""","=""1.7208e+08""",AAA,"=""[561242.28]""","=""[582642.10]""","=""1s.3d""","=""3D""","=""2""","=""1s.4f""","=""3F*""","=""2""",,"=""T8636c73""","=""L3501""",
Li,2,"=""""","=""467.153""","=""0.003""","=""""","=""5.086e+07""",AA,"=""[561242.90]""","=""[582643.17]""","=""1s.3d""","=""3D""","=""3""","=""1s.4f""","=""1F*""","=""3""",,"=""T8636c73""","=""""",
Li,2,"=""467.165""","=""467.176""","=""0.003""","=""6*""","=""1.9920e+09""",AAA,"=""[561242.90]""","=""[582642.10]""","=""1s.3d""","=""3D""","=""3""","=""1s.4f""","=""3F*""","=""4""",,"=""T8636c73""","=""L3501""",
Li,2,"=""467.165""","=""467.176""","=""0.003""","=""6*""","=""4.9183e+06""",AAA,"=""[561242.90]""","=""[582642.10]""","=""1s.3d""","=""3D""","=""3""","=""1s.4f""","=""3F*""","=""2""",,"=""T8636c73""","=""L3501""",
Li,2,"=""467.165""","=""467.176""","=""0.003""","=""6*""","=""1.2128e+08""",AAA,"=""[561242.90]""","=""[582642.10]""","=""1s.3d""","=""3D""","=""3""","=""1s.4f""","=""3F*""","=""3""",,"=""T8636c73""","=""L3501""",
Li,2,"=""467.170""","=""467.188""","=""0.005""","=""2""","=""9.2960e+08""",AAA,"=""[561243.43]""","=""[582642.10]""","=""1s.3d""","=""3D""","=""1""","=""1s.4f""","=""3F*""","=""2""",,"=""T8636c73""","=""L3501""",
Li,2,"=""467.806""","=""467.806""","=""0.003""","=""3""","=""1.1152e+09""",AAA,"=""[561272.75]""","=""[582643.17]""","=""1s.3d""","=""1D""","=""2""","=""1s.4f""","=""1F*""","=""3""",,"=""T8636c73""","=""L3501""",
Li,2,"=""""","=""467.829""","=""0.003""","=""""","=""6.175e+04""",AA,"=""[561272.75]""","=""[582642.10]""","=""1s.3d""","=""1D""","=""2""","=""1s.4f""","=""3F*""","=""2""",,"=""T8636c73""","=""""",
Li,2,"=""467.829""","=""467.829""","=""0.003""","=""1""","=""4.320e+08""",AA,"=""[561272.75]""","=""[582642.10]""","=""1s.3d""","=""1D""","=""2""","=""1s.4f""","=""3F*""","=""3""",,"=""T8636c73""","=""L3501""",
Li,2,"=""""","=""474.15""","=""0.03""","=""""","=""4.8270e+02""",AAA,"=""[561751.95]""","=""[582836.5]""","=""1s.3p""","=""1P*""","=""1""","=""1s.4p""","=""1P*""","=""1""",E2,"=""T7378""","=""""",
Li,1,"=""476.0""","=""""","=""""","=""""","=""""",,"=""""","=""""","=""""","=""""","=""""","=""""","=""""","=""""",,"=""""","=""L1614""",
Li,2,"=""476.3""","=""""","=""""","=""""","=""""",,"=""""","=""""","=""""","=""""","=""""","=""""","=""""","=""""",,"=""""","=""L1614""",
Li,2,"=""478.836""","=""478.836""","=""0.005""","=""""","=""5.6840e+08""",AAA,"=""[561751.95]""","=""[582630.08]""","=""1s.3p""","=""1P*""","=""1""","=""1s.4d""","=""1D""","=""2""",,"=""T8636c73""","=""L3501""",
Li,2,"=""""","=""479.239""","=""0.004""","=""""","=""1.058e+05""",AA,"=""[561751.95]""","=""[582612.54]""","=""1s.3p""","=""1P*""","=""1""","=""1s.4d""","=""3D""","=""2""",,"=""T8636c73""","=""""",
Li,2,"=""""","=""484.278""","=""0.003""","=""""","=""6.9870e+06""",AAA,"=""[561242.28]""","=""[581885.83]""","=""1s.3d""","=""3D""","=""2""","=""1s.4p""","=""3P*""","=""2""",,"=""T8636c73""","=""""",
Li,2,"=""""","=""484.292""","=""0.003""","=""""","=""3.9143e+07""",AAA,"=""[561242.90]""","=""[581885.83]""","=""1s.3d""","=""3D""","=""3""","=""1s.4p""","=""3P*""","=""2""",,"=""T8636c73""","=""""",
Li,2,"=""""","=""484.294""","=""0.003""","=""""","=""2.0961e+07""",AAA,"=""[561242.28]""","=""[581885.11]""","=""1s.3d""","=""3D""","=""2""","=""1s.4p""","=""3P*""","=""1""",,"=""T8636c73""","=""""",
Li,2,"=""484.30""","=""484.304""","=""0.005""","=""""","=""4.6600e+05""",AAA,"=""[561243.43]""","=""[581885.83]""","=""1s.3d""","=""3D""","=""1""","=""1s.4p""","=""3P*""","=""2""",,"=""T8636c73""","=""L1560""",
Li,2,"=""""","=""484.321""","=""0.005""","=""""","=""6.9897e+06""",AAA,"=""[561243.43]""","=""[581885.11]""","=""1s.3d""","=""3D""","=""1""","=""1s.4p""","=""3P*""","=""1""",,"=""T8636c73""","=""""",
Li,2,"=""""","=""484.331""","=""0.005""","=""""","=""9.3195e+06""",AAA,"=""[561243.43]""","=""[581884.71]""","=""1s.3d""","=""3D""","=""1""","=""1s.4p""","=""3P*""","=""0""",,"=""T8636c73""","=""""",
Li,2,"=""488.132""","=""488.12""","=""0.04""","=""4""","=""7.1349e+07""",AAA,"=""[559499.5]""","=""[579980.46]""","=""1s.3p""","=""3P*""","=""1""","=""1s.4s""","=""3S""","=""1""",,"=""T8636c73""","=""L3501""",
Li,2,"=""488.139""","=""488.147""","=""0.019""","=""4""","=""1.1893e+08""",AAA,"=""[559500.55]""","=""[579980.46]""","=""1s.3p""","=""3P*""","=""2""","=""1s.4s""","=""3S""","=""1""",,"=""T8636c73""","=""L3501""",
Li,2,"=""488.149""","=""488.169""","=""0.008""","=""1""","=""2.3788e+07""",AAA,"=""[559501.45]""","=""[579980.46]""","=""1s.3p""","=""3P*""","=""0""","=""1s.4s""","=""3S""","=""1""",,"=""T8636c73""","=""L3501""",
Li,2,"=""""","=""491.912""","=""0.004""","=""""","=""7.7891e+01""",AAA,"=""[561272.75]""","=""[581595.90]""","=""1s.3d""","=""1D""","=""2""","=""1s.4s""","=""1S""","=""0""",E2,"=""T7378""","=""""",
Li,1,"=""497.166""","=""497.166""","=""0.003""","=""8""","=""6.920e+06""",AA,"=""14903.66""","=""35012.06""","=""1s2.2p""","=""2P*""","=""1/2""","=""1s2.4s""","=""2S""","=""1/2""",,"=""T7401LS""","=""L7397""",
Li,1,"=""497.175""","=""497.174""","=""0.003""","=""8""","=""1.384e+07""",AA,"=""14904.00""","=""35012.06""","=""1s2.2p""","=""2P*""","=""3/2""","=""1s2.4s""","=""2S""","=""1/2""",,"=""T7401LS""","=""L7397""",
Li,2,"=""503.792""","=""503.791""","=""0.005""","=""""","=""5.3935e+07""",AAA,"=""[561751.95]""","=""[581595.90]""","=""1s.3p""","=""1P*""","=""1""","=""1s.4s""","=""1S""","=""0""",,"=""T8636c73""","=""L3501""",
Li,2,"=""""","=""510.8""","=""0.8""","=""""","=""1.0288e+07""",AAA,"=""[581595.90]""","=""[601169]""","=""1s.4s""","=""1S""","=""0""","=""1s.7p""","=""1P*""","=""1""",,"=""T8636c73""","=""""",
Li,2,"=""""","=""519.917""","=""0.006""","=""""","=""1.4048e+07""",AAA,"=""[581884.71]""","=""[601113.19]""","=""1s.4p""","=""3P*""","=""0""","=""1s.7d""","=""3D""","=""1""",,"=""T8636c73""","=""""",
Li,2,"=""""","=""519.917""","=""0.004""","=""""","=""3.1605e+07""",AAA,"=""[581885.11]""","=""[601113.58]""","=""1s.4p""","=""3P*""","=""1""","=""1s.7d""","=""3D""","=""2""",,"=""T8636c73""","=""""",
Li,2,"=""""","=""519.919""","=""0.004""","=""""","=""5.9004e+07""",AAA,"=""[581885.83]""","=""[601114.24]""","=""1s.4p""","=""3P*""","=""2""","=""1s.7d""","=""3D""","=""3""",,"=""T8636c73""","=""""",
Li,2,"=""""","=""519.928""","=""0.006""","=""""","=""1.0536e+07""",AAA,"=""[581885.11]""","=""[601113.19]""","=""1s.4p""","=""3P*""","=""1""","=""1s.7d""","=""3D""","=""1""",,"=""T8636c73""","=""""",
Li,2,"=""""","=""519.937""","=""0.004""","=""""","=""1.0535e+07""",AAA,"=""[581885.83]""","=""[601113.58]""","=""1s.4p""","=""3P*""","=""2""","=""1s.7d""","=""3D""","=""2""",,"=""T8636c73""","=""""",
Li,2,"=""""","=""519.947""","=""0.006""","=""""","=""7.0242e+05""",AAA,"=""[581885.83]""","=""[601113.19]""","=""1s.4p""","=""3P*""","=""2""","=""1s.7d""","=""3D""","=""1""",,"=""T8636c73""","=""""",
Li,1,"=""527.1""","=""527""","=""4""","=""*""","=""""",,"=""506300""","=""525280""","=""1s.2s.3d""","=""4D""","=""7/2""","=""1s.2p.3d""","=""4D*""","=""7/2""",,"=""""","=""L1235,L3354""",
Li,1,"=""527.1""","=""527""","=""4""","=""*""","=""""",,"=""506300""","=""525280""","=""1s.2s.3d""","=""4D""","=""7/2""","=""1s.2p.3d""","=""4D*""","=""5/2""",,"=""""","=""L1235,L3354""",
Li,1,"=""527.1""","=""527""","=""4""","=""*""","=""""",,"=""506300""","=""525280""","=""1s.2s.3d""","=""4D""","=""5/2""","=""1s.2p.3d""","=""4D*""","=""7/2""",,"=""""","=""L1235,L3354""",
Li,1,"=""527.1""","=""527""","=""4""","=""*""","=""""",,"=""506300""","=""525280""","=""1s.2s.3d""","=""4D""","=""5/2""","=""1s.2p.3d""","=""4D*""","=""5/2""",,"=""""","=""L1235,L3354""",
Li,1,"=""527.1""","=""527""","=""4""","=""*""","=""""",,"=""506300""","=""525280""","=""1s.2s.3d""","=""4D""","=""5/2""","=""1s.2p.3d""","=""4D*""","=""3/2""",,"=""""","=""L1235,L3354""",
Li,1,"=""527.1""","=""527""","=""4""","=""*""","=""""",,"=""506300""","=""525280""","=""1s.2s.3d""","=""4D""","=""3/2""","=""1s.2p.3d""","=""4D*""","=""5/2""",,"=""""","=""L1235,L3354""",
Li,1,"=""527.1""","=""527""","=""4""","=""*""","=""""",,"=""506300""","=""525280""","=""1s.2s.3d""","=""4D""","=""3/2""","=""1s.2p.3d""","=""4D*""","=""3/2""",,"=""""","=""L1235,L3354""",
Li,1,"=""527.1""","=""527""","=""4""","=""*""","=""""",,"=""506300""","=""525280""","=""1s.2s.3d""","=""4D""","=""3/2""","=""1s.2p.3d""","=""4D*""","=""1/2""",,"=""""","=""L1235,L3354""",
Li,1,"=""527.1""","=""527""","=""4""","=""*""","=""""",,"=""506300""","=""525280""","=""1s.2s.3d""","=""4D""","=""1/2""","=""1s.2p.3d""","=""4D*""","=""3/2""",,"=""""","=""L1235,L3354""",
Li,1,"=""527.1""","=""527""","=""4""","=""*""","=""""",,"=""506300""","=""525280""","=""1s.2s.3d""","=""4D""","=""1/2""","=""1s.2p.3d""","=""4D*""","=""1/2""",,"=""""","=""L1235,L3354""",
Li,1,"=""531.5""","=""""","=""""","=""""","=""""",,"=""""","=""""","=""""","=""""","=""""","=""""","=""""","=""""",,"=""""","=""L1614""",
Li,2,"=""""","=""532.949""","=""0.004""","=""""","=""2.3047e+06""",AAA,"=""[581884.71]""","=""[600643.03]""","=""1s.4p""","=""3P*""","=""0""","=""1s.7s""","=""3S""","=""1""",,"=""T8636c73""","=""""",
Li,2,"=""""","=""532.960""","=""0.004""","=""""","=""6.9141e+06""",AAA,"=""[581885.11]""","=""[600643.03]""","=""1s.4p""","=""3P*""","=""1""","=""1s.7s""","=""3S""","=""1""",,"=""T8636c73""","=""""",
Li,2,"=""""","=""532.980""","=""0.004""","=""""","=""1.1524e+07""",AAA,"=""[581885.83]""","=""[600643.03]""","=""1s.4p""","=""3P*""","=""2""","=""1s.7s""","=""3S""","=""1""",,"=""T8636c73""","=""""",
Li,1,"=""539.5""","=""""","=""""","=""""","=""""",,"=""""","=""""","=""""","=""""","=""""","=""""","=""""","=""""",,"=""""","=""L1614""",
Li,2,"=""""","=""540.153""","=""0.004""","=""""","=""1.112e+07""",AA,"=""[582612.54]""","=""[601120.68]""","=""1s.4d""","=""3D""","=""2""","=""1s.7f""","=""1F*""","=""3""",,"=""T8636c73""","=""""",
Li,2,"=""""","=""540.175""","=""0.008""","=""""","=""4.9594e+07""",AAA,"=""[582612.15]""","=""[601119.54]""","=""1s.4d""","=""3D""","=""1""","=""1s.7f""","=""3F*""","=""2""",,"=""T8636c73""","=""""",
Li,2,"=""""","=""540.172""","=""0.004""","=""""","=""1.491e+06""",AA,"=""[582613.20]""","=""[601120.68]""","=""1s.4d""","=""3D""","=""3""","=""1s.7f""","=""1F*""","=""3""",,"=""T8636c73""","=""""",
Li,2,"=""""","=""540.186""","=""0.007""","=""""","=""9.1825e+06""",AAA,"=""[582612.54]""","=""[601119.54]""","=""1s.4d""","=""3D""","=""2""","=""1s.7f""","=""3F*""","=""2""",,"=""T8636c73""","=""""",
Li,2,"=""""","=""540.186""","=""0.007""","=""""","=""6.2352e+07""",AAA,"=""[582612.54]""","=""[601119.54]""","=""1s.4d""","=""3D""","=""2""","=""1s.7f""","=""3F*""","=""3""",,"=""T8636c73""","=""""",
Li,2,"=""""","=""540.205""","=""0.007""","=""""","=""2.6241e+05""",AAA,"=""[582613.20]""","=""[601119.54]""","=""1s.4d""","=""3D""","=""3""","=""1s.7f""","=""3F*""","=""2""",,"=""T8636c73""","=""""",
Li,2,"=""""","=""540.205""","=""0.007""","=""""","=""7.6930e+06""",AAA,"=""[582613.20]""","=""[601119.54]""","=""1s.4d""","=""3D""","=""3""","=""1s.7f""","=""3F*""","=""3""",,"=""T8636c73""","=""""",
Li,2,"=""""","=""540.205""","=""0.007""","=""""","=""1.0627e+08""",AAA,"=""[582613.20]""","=""[601119.54]""","=""1s.4d""","=""3D""","=""3""","=""1s.7f""","=""3F*""","=""4""",,"=""T8636c73""","=""""",
Li,2,"=""""","=""540.665""","=""0.005""","=""""","=""6.9845e+07""",AAA,"=""[582630.08]""","=""[601120.68]""","=""1s.4d""","=""1D""","=""2""","=""1s.7f""","=""1F*""","=""3""",,"=""T8636c73""","=""""",
Li,2,"=""""","=""540.698""","=""0.007""","=""""","=""1.846e+03""",AA,"=""[582630.08]""","=""[601119.54]""","=""1s.4d""","=""1D""","=""2""","=""1s.7f""","=""3F*""","=""2""",,"=""T8636c73""","=""""",
Li,2,"=""""","=""540.698""","=""0.007""","=""""","=""1.257e+07""",AA,"=""[582630.08]""","=""[601119.54]""","=""1s.4d""","=""1D""","=""2""","=""1s.7f""","=""3F*""","=""3""",,"=""T8636c73""","=""""",
Li,2,"=""""","=""541.091""","=""0.005""","=""""","=""2.596e+05""",AA,"=""[582642.10]""","=""[601118.15]""","=""1s.4f""","=""3F*""","=""3""","=""1s.7d""","=""1D""","=""2""",,"=""T8636c73""","=""""",
Li,2,"=""""","=""541.122""","=""0.005""","=""""","=""6.5055e+05""",AAA,"=""[582643.17]""","=""[601118.15]""","=""1s.4f""","=""1F*""","=""3""","=""1s.7d""","=""1D""","=""2""",,"=""T8636c73""","=""""",
Li,2,"=""""","=""541.205""","=""0.004""","=""""","=""2.9433e+03""",AAA,"=""[582642.10]""","=""[601114.24]""","=""1s.4f""","=""3F*""","=""2""","=""1s.7d""","=""3D""","=""3""",,"=""T8636c73""","=""""",
Li,2,"=""""","=""541.205""","=""0.004""","=""""","=""7.2583e+04""",AAA,"=""[582642.10]""","=""[601114.24]""","=""1s.4f""","=""3F*""","=""3""","=""1s.7d""","=""3D""","=""3""",,"=""T8636c73""","=""""",
Li,2,"=""""","=""541.205""","=""0.004""","=""""","=""1.1920e+06""",AAA,"=""[582642.10]""","=""[601114.24]""","=""1s.4f""","=""3F*""","=""4""","=""1s.7d""","=""3D""","=""3""",,"=""T8636c73""","=""""",
Li,2,"=""""","=""541.225""","=""0.004""","=""""","=""1.0300e+05""",AAA,"=""[582642.10]""","=""[601113.58]""","=""1s.4f""","=""3F*""","=""2""","=""1s.7d""","=""3D""","=""2""",,"=""T8636c73""","=""""",
Li,2,"=""""","=""541.225""","=""0.004""","=""""","=""5.8985e+05""",AAA,"=""[582642.10]""","=""[601113.58]""","=""1s.4f""","=""3F*""","=""3""","=""1s.7d""","=""3D""","=""2""",,"=""T8636c73""","=""""",
Li,2,"=""""","=""541.236""","=""0.007""","=""""","=""5.5629e+05""",AAA,"=""[582642.10]""","=""[601113.19]""","=""1s.4f""","=""3F*""","=""2""","=""1s.7d""","=""3D""","=""1""",,"=""T8636c73""","=""""",
Li,2,"=""""","=""541.237""","=""0.004""","=""""","=""3.043e+04""",AA,"=""[582643.17]""","=""[601114.24]""","=""1s.4f""","=""1F*""","=""3""","=""1s.7d""","=""3D""","=""3""",,"=""T8636c73""","=""""",
Li,2,"=""""","=""541.256""","=""0.004""","=""""","=""2.343e+05""",AA,"=""[582643.17]""","=""[601113.58]""","=""1s.4f""","=""1F*""","=""3""","=""1s.7d""","=""3D""","=""2""",,"=""T8636c73""","=""""",
Li,1,"=""544.0""","=""""","=""""","=""""","=""""",,"=""""","=""""","=""""","=""""","=""""","=""""","=""""","=""""",,"=""""","=""L1614""",
Li,2,"=""""","=""539.3""","=""0.9""","=""""","=""2.2275e+06""",AAA,"=""[582630.08]""","=""[601169]""","=""1s.4d""","=""1D""","=""2""","=""1s.7p""","=""1P*""","=""1""",,"=""T8636c73""","=""""",
Li,2,"=""""","=""546.84""","=""0.04""","=""""","=""4.2592e+07""",AAA,"=""[582836.5]""","=""[601118.15]""","=""1s.4p""","=""1P*""","=""1""","=""1s.7d""","=""1D""","=""2""",,"=""T8636c73""","=""""",
Li,2,"=""548.355""","=""548.346""","=""0.004""","=""600c""","=""2.2726e+07""",AAA,"=""[476034.11]""","=""[494265.70]""","=""1s.2s""","=""3S""","=""1""","=""1s.2p""","=""3P*""","=""0""",,"=""T8636c73""","=""L7397""",
Li,2,"=""""","=""548.440""","=""0.004""","=""""","=""1.1364e+08""",AAA,"=""[476034.11]""","=""[494262.57]""","=""1s.2s""","=""3S""","=""1""","=""1s.2p""","=""3P*""","=""2""",,"=""T8636c73""","=""""",
Li,2,"=""548.565""","=""548.509""","=""0.004""","=""600c""","=""6.8160e+07""",AAA,"=""[476034.11]""","=""[494260.30]""","=""1s.2s""","=""3S""","=""1""","=""1s.2p""","=""3P*""","=""1""",,"=""T8636c73""","=""L7397""",
Li,2,"=""""","=""552.54""","=""0.07""","=""""","=""5.6589e+06""",AAA,"=""[582836.5]""","=""[600929.7]""","=""1s.4p""","=""1P*""","=""1""","=""1s.7s""","=""1S""","=""0""",,"=""T8636c73""","=""""",
Li,2,"=""""","=""565.388""","=""0.005""","=""""","=""2.2898e+07""",AAA,"=""[579980.46]""","=""[597662.53]""","=""1s.4s""","=""3S""","=""1""","=""1s.6p""","=""3P*""","=""2""",,"=""T8636c73""","=""""",
Li,2,"=""""","=""565.409""","=""0.005""","=""""","=""1.3739e+07""",AAA,"=""[579980.46]""","=""[597661.86]""","=""1s.4s""","=""3S""","=""1""","=""1s.6p""","=""3P*""","=""1""",,"=""T8636c73""","=""""",
Li,2,"=""""","=""565.421""","=""0.005""","=""""","=""4.5795e+06""",AAA,"=""[579980.46]""","=""[597661.48]""","=""1s.4s""","=""3S""","=""1""","=""1s.6p""","=""3P*""","=""0""",,"=""T8636c73""","=""""",
Li,1,"=""610.354""","=""610.353""","=""0.005""","=""320""","=""2.2855e+08""",AAA,"=""14903.66""","=""31283.08""","=""1s2.2p""","=""2P*""","=""1/2""","=""1s2.3d""","=""2D""","=""3/2""",,"=""T6505LS""","=""L7397""",
Li,1,"=""""","=""610.364""","=""0.005""","=""""","=""4.1137e+08""",AAA,"=""14904.00""","=""31283.12""","=""1s2.2p""","=""2P*""","=""3/2""","=""1s2.3d""","=""2D""","=""5/2""",,"=""T6505LS""","=""""",
Li,1,"=""610.365""","=""610.366""","=""0.005""","=""320""","=""4.5708e+07""",AAA,"=""14904.00""","=""31283.08""","=""1s2.2p""","=""2P*""","=""3/2""","=""1s2.3d""","=""2D""","=""3/2""",,"=""T6505LS""","=""L7397""",
Li,2,"=""""","=""613.864""","=""0.008""","=""""","=""1.083e+02""",AA,"=""[581595.90]""","=""[597881.65]""","=""1s.4s""","=""1S""","=""0""","=""1s.6d""","=""1D""","=""2""",E2,"=""T7378""","=""""",
Li,2,"=""""","=""611.81""","=""0.19""","=""""","=""1.5532e+07""",AAA,"=""[581595.90]""","=""[597936.4]""","=""1s.4s""","=""1S""","=""0""","=""1s.6p""","=""1P*""","=""1""",,"=""T8636c73""","=""""",
Li,2,"=""""","=""625.219""","=""0.009""","=""""","=""2.2041e+07""",AAA,"=""[581884.71]""","=""[597874.68]""","=""1s.4p""","=""3P*""","=""0""","=""1s.6d""","=""3D""","=""1""",,"=""T8636c73""","=""""",
Li,2,"=""""","=""625.219""","=""0.006""","=""""","=""4.9588e+07""",AAA,"=""[581885.11]""","=""[597875.07]""","=""1s.4p""","=""3P*""","=""1""","=""1s.6d""","=""3D""","=""2""",,"=""T8636c73""","=""""",
Li,2,"=""""","=""625.222""","=""0.006""","=""""","=""9.2575e+07""",AAA,"=""[581885.83]""","=""[597875.73]""","=""1s.4p""","=""3P*""","=""2""","=""1s.6d""","=""3D""","=""3""",,"=""T8636c73""","=""""",
Li,2,"=""""","=""625.235""","=""0.009""","=""""","=""1.6531e+07""",AAA,"=""[581885.11]""","=""[597874.68]""","=""1s.4p""","=""3P*""","=""1""","=""1s.6d""","=""3D""","=""1""",,"=""T8636c73""","=""""",
Li,2,"=""""","=""625.248""","=""0.006""","=""""","=""1.6529e+07""",AAA,"=""[581885.83]""","=""[597875.07]""","=""1s.4p""","=""3P*""","=""2""","=""1s.6d""","=""3D""","=""2""",,"=""T8636c73""","=""""",
Li,2,"=""""","=""625.263""","=""0.009""","=""""","=""1.1020e+06""",AAA,"=""[581885.83]""","=""[597874.68]""","=""1s.4p""","=""3P*""","=""2""","=""1s.6d""","=""3D""","=""1""",,"=""T8636c73""","=""""",
Li,2,"=""""","=""654.566""","=""0.006""","=""""","=""2.192e+07""",AA,"=""[582612.54]""","=""[597885.61]""","=""1s.4d""","=""3D""","=""2""","=""1s.6f""","=""1F*""","=""3""",,"=""T8636c73""","=""""",
Li,2,"=""""","=""654.595""","=""0.006""","=""""","=""2.924e+06""",AA,"=""[582613.20]""","=""[597885.61]""","=""1s.4d""","=""3D""","=""3""","=""1s.6f""","=""1F*""","=""3""",,"=""T8636c73""","=""""",
Li,2,"=""""","=""654.595""","=""0.010""","=""""","=""8.6825e+07""",AAA,"=""[582612.15]""","=""[597884.56]""","=""1s.4d""","=""3D""","=""1""","=""1s.6f""","=""3F*""","=""2""",,"=""T8636c73""","=""""",
Li,2,"=""""","=""654.611""","=""0.006""","=""""","=""1.6075e+07""",AAA,"=""[582612.54]""","=""[597884.56]""","=""1s.4d""","=""3D""","=""2""","=""1s.6f""","=""3F*""","=""2""",,"=""T8636c73""","=""""",
Li,2,"=""""","=""654.611""","=""0.006""","=""""","=""1.0672e+08""",AAA,"=""[582612.54]""","=""[597884.56]""","=""1s.4d""","=""3D""","=""2""","=""1s.6f""","=""3F*""","=""3""",,"=""T8636c73""","=""""",
Li,2,"=""""","=""654.640""","=""0.006""","=""""","=""4.5940e+05""",AAA,"=""[582613.20]""","=""[597884.56]""","=""1s.4d""","=""3D""","=""3""","=""1s.6f""","=""3F*""","=""2""",,"=""T8636c73""","=""""",
Li,2,"=""""","=""654.640""","=""0.006""","=""""","=""1.3155e+07""",AAA,"=""[582613.20]""","=""[597884.56]""","=""1s.4d""","=""3D""","=""3""","=""1s.6f""","=""3F*""","=""3""",,"=""T8636c73""","=""""",
Li,2,"=""""","=""654.640""","=""0.006""","=""""","=""1.8606e+08""",AAA,"=""[582613.20]""","=""[597884.56]""","=""1s.4d""","=""3D""","=""3""","=""1s.6f""","=""3F*""","=""4""",,"=""T8636c73""","=""""",
Li,2,"=""""","=""655.319""","=""0.008""","=""""","=""1.1964e+08""",AAA,"=""[582630.08]""","=""[597885.61]""","=""1s.4d""","=""1D""","=""2""","=""1s.6f""","=""1F*""","=""3""",,"=""T8636c73""","=""""",
Li,2,"=""""","=""655.364""","=""0.008""","=""""","=""3.230e+03""",AA,"=""[582630.08]""","=""[597884.56]""","=""1s.4d""","=""1D""","=""2""","=""1s.6f""","=""3F*""","=""2""",,"=""T8636c73""","=""""",
Li,2,"=""""","=""655.364""","=""0.008""","=""""","=""2.479e+07""",AA,"=""[582630.08]""","=""[597884.56]""","=""1s.4d""","=""1D""","=""2""","=""1s.6f""","=""3F*""","=""3""",,"=""T8636c73""","=""""",
Li,2,"=""""","=""656.006""","=""0.008""","=""""","=""4.950e+05""",AA,"=""[582642.10]""","=""[597881.65]""","=""1s.4f""","=""3F*""","=""3""","=""1s.6d""","=""1D""","=""2""",,"=""T8636c73""","=""""",
Li,2,"=""""","=""656.052""","=""0.008""","=""""","=""1.2420e+06""",AAA,"=""[582643.17]""","=""[597881.65]""","=""1s.4f""","=""1F*""","=""3""","=""1s.6d""","=""1D""","=""2""",,"=""T8636c73""","=""""",
Li,2,"=""""","=""656.143""","=""0.006""","=""""","=""3.9168e+06""",AAA,"=""[581884.71]""","=""[597121.08]""","=""1s.4p""","=""3P*""","=""0""","=""1s.6s""","=""3S""","=""1""",,"=""T8636c73""","=""""",
Li,2,"=""""","=""656.160""","=""0.006""","=""""","=""1.1750e+07""",AAA,"=""[581885.11]""","=""[597121.08]""","=""1s.4p""","=""3P*""","=""1""","=""1s.6s""","=""3S""","=""1""",,"=""T8636c73""","=""""",
Li,2,"=""""","=""656.191""","=""0.006""","=""""","=""1.9584e+07""",AAA,"=""[581885.83]""","=""[597121.08]""","=""1s.4p""","=""3P*""","=""2""","=""1s.6s""","=""3S""","=""1""",,"=""T8636c73""","=""""",
Li,2,"=""""","=""656.261""","=""0.006""","=""""","=""5.6116e+03""",AAA,"=""[582642.10]""","=""[597875.73]""","=""1s.4f""","=""3F*""","=""2""","=""1s.6d""","=""3D""","=""3""",,"=""T8636c73""","=""""",
Li,2,"=""""","=""656.261""","=""0.006""","=""""","=""1.3838e+05""",AAA,"=""[582642.10]""","=""[597875.73]""","=""1s.4f""","=""3F*""","=""3""","=""1s.6d""","=""3D""","=""3""",,"=""T8636c73""","=""""",
Li,2,"=""""","=""656.261""","=""0.006""","=""""","=""2.2726e+06""",AAA,"=""[582642.10]""","=""[597875.73]""","=""1s.4f""","=""3F*""","=""4""","=""1s.6d""","=""3D""","=""3""",,"=""T8636c73""","=""""",
Li,2,"=""""","=""656.290""","=""0.006""","=""""","=""1.9638e+05""",AAA,"=""[582642.10]""","=""[597875.07]""","=""1s.4f""","=""3F*""","=""2""","=""1s.6d""","=""3D""","=""2""",,"=""T8636c73""","=""""",
Li,2,"=""""","=""656.290""","=""0.006""","=""""","=""1.1252e+06""",AAA,"=""[582642.10]""","=""[597875.07]""","=""1s.4f""","=""3F*""","=""3""","=""1s.6d""","=""3D""","=""2""",,"=""T8636c73""","=""""",
Li,2,"=""""","=""656.306""","=""0.010""","=""""","=""1.0606e+06""",AAA,"=""[582642.10]""","=""[597874.68]""","=""1s.4f""","=""3F*""","=""2""","=""1s.6d""","=""3D""","=""1""",,"=""T8636c73""","=""""",
Li,2,"=""""","=""656.307""","=""0.006""","=""""","=""5.802e+04""",AA,"=""[582643.17]""","=""[597875.73]""","=""1s.4f""","=""1F*""","=""3""","=""1s.6d""","=""3D""","=""3""",,"=""T8636c73""","=""""",
Li,2,"=""""","=""656.336""","=""0.006""","=""""","=""4.461e+05""",AA,"=""[582643.17]""","=""[597875.07]""","=""1s.4f""","=""1F*""","=""3""","=""1s.6d""","=""3D""","=""2""",,"=""T8636c73""","=""""",
Li,2,"=""""","=""653.14""","=""0.21""","=""""","=""3.8889e+06""",AAA,"=""[582630.08]""","=""[597936.4]""","=""1s.4d""","=""1D""","=""2""","=""1s.6p""","=""1P*""","=""1""",,"=""T8636c73""","=""""",
Li,2,"=""""","=""664.48""","=""0.05""","=""""","=""6.9400e+07""",AAA,"=""[582836.5]""","=""[597881.65]""","=""1s.4p""","=""1P*""","=""1""","=""1s.6d""","=""1D""","=""2""",,"=""T8636c73""","=""""",
Li,2,"=""""","=""664.252""","=""0.010""","=""""","=""1.1664e+05""",AAA,"=""[582612.15]""","=""[597662.53]""","=""1s.4d""","=""3D""","=""1""","=""1s.6p""","=""3P*""","=""2""",,"=""T8636c73""","=""""",
Li,2,"=""""","=""664.269""","=""0.006""","=""""","=""1.7493e+06""",AAA,"=""[582612.54]""","=""[597662.53]""","=""1s.4d""","=""3D""","=""2""","=""1s.6p""","=""3P*""","=""2""",,"=""T8636c73""","=""""",
Li,2,"=""""","=""664.281""","=""0.010""","=""""","=""1.7497e+06""",AAA,"=""[582612.15]""","=""[597661.86]""","=""1s.4d""","=""3D""","=""1""","=""1s.6p""","=""3P*""","=""1""",,"=""T8636c73""","=""""",
Li,2,"=""""","=""664.298""","=""0.010""","=""""","=""2.3329e+06""",AAA,"=""[582612.15]""","=""[597661.48]""","=""1s.4d""","=""3D""","=""1""","=""1s.6p""","=""3P*""","=""0""",,"=""T8636c73""","=""""",
Li,2,"=""""","=""664.298""","=""0.006""","=""""","=""5.2479e+06""",AAA,"=""[582612.54]""","=""[597661.86]""","=""1s.4d""","=""3D""","=""2""","=""1s.6p""","=""3P*""","=""1""",,"=""T8636c73""","=""""",
Li,2,"=""""","=""664.298""","=""0.006""","=""""","=""9.7980e+06""",AAA,"=""[582613.20]""","=""[597662.53]""","=""1s.4d""","=""3D""","=""3""","=""1s.6p""","=""3P*""","=""2""",,"=""T8636c73""","=""""",
Li,2,"=""""","=""664.77""","=""0.05""","=""""","=""9.170e+03""",AA,"=""[582836.5]""","=""[597875.07]""","=""1s.4p""","=""1P*""","=""1""","=""1s.6d""","=""3D""","=""2""",,"=""T8636c73""","=""""",
Li,2,"=""""","=""662.07""","=""0.23""","=""""","=""5.631e+01""",AA,"=""[582836.5]""","=""[597936.4]""","=""1s.4p""","=""1P*""","=""1""","=""1s.6p""","=""1P*""","=""1""",E2,"=""T7378""","=""""",
Li,2,"=""""","=""668.730""","=""0.009""","=""""","=""1.6065e+01""",AAA,"=""[582630.08]""","=""[597579.66]""","=""1s.4d""","=""1D""","=""2""","=""1s.6s""","=""1S""","=""0""",E2,"=""T7378""","=""""",
Li,1,"=""670.776""","=""670.776""","=""0.006""","=""3600""","=""1.4756e+08""",AAA,"=""0.00""","=""14904.00""","=""1s2.2s""","=""2S""","=""1/2""","=""1s2.2p""","=""2P*""","=""3/2""",,"=""T6505LS""","=""L7397""",
Li,1,"=""670.791""","=""670.791""","=""0.006""","=""3600""","=""7.3780e+07""",AAA,"=""0.00""","=""14903.66""","=""1s2.2s""","=""2S""","=""1/2""","=""1s2.2p""","=""2P*""","=""1/2""",,"=""T6505LS""","=""L7397""",
Li,2,"=""""","=""678.09""","=""0.06""","=""""","=""9.4930e+06""",AAA,"=""[582836.5]""","=""[597579.66]""","=""1s.4p""","=""1P*""","=""1""","=""1s.6s""","=""1S""","=""0""",,"=""T8636c73""","=""""",
Li,1,"=""""","=""687.308""","=""0.007""","=""""","=""5.56e+04""",B,"=""27206.12""","=""41751.63""","=""1s2.3s""","=""2S""","=""1/2""","=""1s2.8p""","=""2P*""","=""1/2""",,"=""T5118LS""","=""""",
Li,1,"=""""","=""687.308""","=""0.007""","=""""","=""1.12e+05""",B,"=""27206.12""","=""41751.63""","=""1s2.3s""","=""2S""","=""1/2""","=""1s2.8p""","=""2P*""","=""3/2""",,"=""T5118LS""","=""""",
Li,1,"=""""","=""713.517""","=""0.007""","=""""","=""7.18e+04""",B,"=""27206.12""","=""41217.35""","=""1s2.3s""","=""2S""","=""1/2""","=""1s2.7p""","=""2P*""","=""1/2""",,"=""T5118LS""","=""""",
Li,1,"=""""","=""713.517""","=""0.007""","=""""","=""1.44e+05""",B,"=""27206.12""","=""41217.35""","=""1s2.3s""","=""2S""","=""1/2""","=""1s2.7p""","=""2P*""","=""3/2""",,"=""T5118LS""","=""""",
Li,1,"=""""","=""758.245""","=""0.008""","=""""","=""8.74e+04""",B,"=""27206.12""","=""40390.84""","=""1s2.3s""","=""2S""","=""1/2""","=""1s2.6p""","=""2P*""","=""1/2""",,"=""T5118LS""","=""""",
Li,1,"=""""","=""758.245""","=""0.008""","=""""","=""1.75e+05""",B,"=""27206.12""","=""40390.84""","=""1s2.3s""","=""2S""","=""1/2""","=""1s2.6p""","=""2P*""","=""3/2""",,"=""T5118LS""","=""""",
Li,1,"=""812.623""","=""812.622""","=""0.009""","=""48""","=""2.2312e+07""",AAA,"=""14903.66""","=""27206.12""","=""1s2.2p""","=""2P*""","=""1/2""","=""1s2.3s""","=""2S""","=""1/2""",,"=""T7401LS""","=""L7397""",
Li,1,"=""812.645""","=""812.645""","=""0.009""","=""48""","=""4.4618e+07""",AAA,"=""14904.00""","=""27206.12""","=""1s2.2p""","=""2P*""","=""3/2""","=""1s2.3s""","=""2S""","=""1/2""",,"=""T7401LS""","=""L7397""",
Li,2,"=""""","=""822.591""","=""0.010""","=""""","=""3.2204e+07""",AAA,"=""[579980.46]""","=""[592133.83]""","=""1s.4s""","=""3S""","=""1""","=""1s.5p""","=""3P*""","=""2""",,"=""T8636c73""","=""""",
Li,2,"=""""","=""822.636""","=""0.010""","=""""","=""1.9323e+07""",AAA,"=""[579980.46]""","=""[592133.16]""","=""1s.4s""","=""3S""","=""1""","=""1s.5p""","=""3P*""","=""1""",,"=""T8636c73""","=""""",
Li,2,"=""""","=""822.662""","=""0.010""","=""""","=""6.4407e+06""",AAA,"=""[579980.46]""","=""[592132.78]""","=""1s.4s""","=""3S""","=""1""","=""1s.5p""","=""3P*""","=""0""",,"=""T8636c73""","=""""",
Li,3,"=""""","=""828.097144""","=""0.000004""","=""""","=""1.2143e+08""",AA,"=""(948155.449056)""","=""(960228.00859)""","=""5p""","=""2P*""","=""1/2""","=""6d""","=""2D""","=""3/2""",,"=""T7771""","=""""",
Li,3,"=""""","=""828.106292""","=""0.000004""","=""""","=""7.8748e+07""",AA,"=""(948155.58428)""","=""(960228.010455)""","=""5s""","=""2S""","=""1/2""","=""6p""","=""2P*""","=""3/2""",,"=""T7771""","=""""",
Li,3,"=""""","=""828.166997""","=""0.000004""","=""""","=""1.4495e+07""",AA,"=""(948155.449056)""","=""(960226.990320)""","=""5p""","=""2P*""","=""1/2""","=""6s""","=""2S""","=""1/2""",,"=""T7771""","=""""",
Li,3,"=""""","=""828.181646""","=""0.000004""","=""""","=""3.9396e+07""",AA,"=""(948155.58428)""","=""(960226.912020)""","=""5s""","=""2S""","=""1/2""","=""6p""","=""2P*""","=""1/2""",,"=""T7771""","=""""",
Li,3,"=""""","=""828.202072""","=""0.000005""","=""""","=""3.2832e+08""",AA,"=""(948157.34398)""","=""(960228.374000)""","=""5d""","=""2D""","=""3/2""","=""6f""","=""2F*""","=""5/2""",,"=""T7771""","=""""",
Li,3,"=""""","=""828.202245""","=""0.000004""","=""""","=""2.1860e+08""",AA,"=""(948157.347169)""","=""(960228.37467)""","=""5p""","=""2P*""","=""3/2""","=""6d""","=""2D""","=""5/2""",,"=""T7771""","=""""",
Li,3,"=""""","=""828.227016""","=""0.000005""","=""""","=""3.1109e+06""",AA,"=""(948157.34398)""","=""(960228.010455)""","=""5d""","=""2D""","=""3/2""","=""6p""","=""2P*""","=""3/2""",,"=""T7771""","=""""",
Li,3,"=""""","=""828.227363""","=""0.000004""","=""""","=""2.4293e+07""",AA,"=""(948157.347169)""","=""(960228.00859)""","=""5p""","=""2P*""","=""3/2""","=""6d""","=""2D""","=""3/2""",,"=""T7771""","=""""",
Li,3,"=""""","=""828.232863""","=""0.000004""","=""""","=""6.9145e+08""",AA,"=""(948157.97542)""","=""(960228.556687)""","=""5f""","=""2F*""","=""5/2""","=""6g""","=""2G""","=""7/2""",,"=""T7771""","=""""",
Li,3,"=""""","=""828.232917""","=""0.000005""","=""""","=""4.6903e+08""",AA,"=""(948157.97656)""","=""(960228.557040)""","=""5d""","=""2D""","=""5/2""","=""6f""","=""2F*""","=""7/2""",,"=""T7771""","=""""",
Li,3,"=""""","=""828.245352""","=""0.000005""","=""""","=""9.0516e+05""",AA,"=""(948157.97542)""","=""(960228.37467)""","=""5f""","=""2F*""","=""5/2""","=""6d""","=""2D""","=""5/2""",,"=""T7771""","=""""",
Li,3,"=""""","=""828.245477""","=""0.000005""","=""""","=""2.3452e+07""",AA,"=""(948157.97656)""","=""(960228.374000)""","=""5d""","=""2D""","=""5/2""","=""6f""","=""2F*""","=""5/2""",,"=""T7771""","=""""",
Li,3,"=""""","=""828.247003""","=""0.000004""","=""""","=""1.3037e+09""",AA,"=""(948158.291096)""","=""(960228.6662880)""","=""5g""","=""2G""","=""7/2""","=""6h""","=""2H*""","=""9/2""",,"=""T7771""","=""""",
Li,3,"=""""","=""828.247029""","=""0.000004""","=""""","=""8.9631e+08""",AA,"=""(948158.29169)""","=""(960228.666503)""","=""5f""","=""2F*""","=""7/2""","=""6g""","=""2G""","=""9/2""",,"=""T7771""","=""""",
Li,3,"=""""","=""828.254500""","=""0.000004""","=""""","=""2.0488e+05""",AA,"=""(948158.291096)""","=""(960228.557040)""","=""5g""","=""2G""","=""7/2""","=""6f""","=""2F*""","=""7/2""",,"=""T7771""","=""""",
Li,3,"=""""","=""828.254565""","=""0.000004""","=""""","=""2.5609e+07""",AA,"=""(948158.29169)""","=""(960228.556687)""","=""5f""","=""2F*""","=""7/2""","=""6g""","=""2G""","=""7/2""",,"=""T7771""","=""""",
Li,3,"=""""","=""828.255001""","=""0.000004""","=""""","=""1.6000e+09""",AA,"=""(948158.480859)""","=""(960228.7394990)""","=""5g""","=""2G""","=""9/2""","=""6h""","=""2H*""","=""11/2""",,"=""T7771""","=""""",
Li,3,"=""""","=""828.260025""","=""0.000004""","=""""","=""2.9629e+07""",AA,"=""(948158.480859)""","=""(960228.6662880)""","=""5g""","=""2G""","=""9/2""","=""6h""","=""2H*""","=""9/2""",,"=""T7771""","=""""",
Li,3,"=""""","=""828.267055""","=""0.000005""","=""""","=""1.8107e+07""",AA,"=""(948158.29169)""","=""(960228.37467)""","=""5f""","=""2F*""","=""7/2""","=""6d""","=""2D""","=""5/2""",,"=""T7771""","=""""",
Li,3,"=""""","=""828.267060""","=""0.000004""","=""""","=""5.5331e+06""",AA,"=""(948158.291096)""","=""(960228.374000)""","=""5g""","=""2G""","=""7/2""","=""6f""","=""2F*""","=""5/2""",,"=""T7771""","=""""",
Li,3,"=""""","=""828.267521""","=""0.000004""","=""""","=""7.1717e+06""",AA,"=""(948158.480859)""","=""(960228.557040)""","=""5g""","=""2G""","=""9/2""","=""6f""","=""2F*""","=""7/2""",,"=""T7771""","=""""",
Li,3,"=""""","=""828.270423""","=""0.000005""","=""""","=""2.8007e+07""",AA,"=""(948157.97656)""","=""(960228.010455)""","=""5d""","=""2D""","=""5/2""","=""6p""","=""2P*""","=""3/2""",,"=""T7771""","=""""",
Li,3,"=""""","=""828.270473""","=""0.000005""","=""""","=""1.2678e+07""",AA,"=""(948157.97542)""","=""(960228.00859)""","=""5f""","=""2F*""","=""5/2""","=""6d""","=""2D""","=""3/2""",,"=""T7771""","=""""",
Li,3,"=""""","=""828.297238""","=""0.000004""","=""""","=""2.9016e+07""",AA,"=""(948157.347169)""","=""(960226.990320)""","=""5p""","=""2P*""","=""3/2""","=""6s""","=""2S""","=""1/2""",,"=""T7771""","=""""",
Li,3,"=""""","=""828.302392""","=""0.000005""","=""""","=""1.5572e+07""",AA,"=""(948157.34398)""","=""(960226.912020)""","=""5d""","=""2D""","=""3/2""","=""6p""","=""2P*""","=""1/2""",,"=""T7771""","=""""",
Li,1,"=""""","=""846.548""","=""0.010""","=""""","=""8.08e+04""",B,"=""27206.12""","=""39015.56""","=""1s2.3s""","=""2S""","=""1/2""","=""1s2.5p""","=""2P*""","=""1/2""",,"=""T5118LS""","=""""",
Li,1,"=""""","=""846.548""","=""0.010""","=""""","=""1.62e+05""",B,"=""27206.12""","=""39015.56""","=""1s2.3s""","=""2S""","=""1/2""","=""1s2.5p""","=""2P*""","=""3/2""",,"=""T5118LS""","=""""",
Li,2,"=""851.737""","=""""","=""""","=""""","=""""",,"=""""","=""""","=""""","=""""","=""""","=""""","=""""","=""""",,"=""""","=""L3501""",
Li,2,"=""""","=""906.99""","=""0.19""","=""""","=""2.3032e+07""",AAA,"=""[581595.90]""","=""[592618.4]""","=""1s.4s""","=""1S""","=""0""","=""1s.5p""","=""1P*""","=""1""",,"=""T8636c73""","=""""",
Li,2,"=""""","=""915.696""","=""0.018""","=""""","=""2.0362e+02""",AAA,"=""[581595.90]""","=""[592513.56]""","=""1s.4s""","=""1S""","=""0""","=""1s.5d""","=""1D""","=""2""",E2,"=""T7378""","=""""",
Li,1,"=""""","=""921.75""","=""0.09""","=""""","=""2.69e+06""",A,"=""30925.38""","=""41771.3""","=""1s2.3p""","=""2P*""","=""1/2""","=""1s2.8d""","=""2D""","=""3/2""",,"=""T5118LS""","=""""",
Li,1,"=""""","=""921.75""","=""0.09""","=""""","=""5.40e+05""",A,"=""30925.38""","=""41771.3""","=""1s2.3p""","=""2P*""","=""3/2""","=""1s2.8d""","=""2D""","=""3/2""",,"=""T5118LS""","=""""",
Li,1,"=""""","=""921.75""","=""0.09""","=""""","=""4.86e+06""",A,"=""30925.38""","=""41771.3""","=""1s2.3p""","=""2P*""","=""3/2""","=""1s2.8d""","=""2D""","=""5/2""",,"=""T5118LS""","=""""",
Li,1,"=""""","=""937.68""","=""0.09""","=""""","=""3.68e+05""",B,"=""30925.38""","=""41587.1""","=""1s2.3p""","=""2P*""","=""1/2""","=""1s2.8s""","=""2S""","=""1/2""",,"=""T5118LS""","=""""",
Li,1,"=""""","=""937.68""","=""0.09""","=""""","=""7.40e+05""",B,"=""30925.38""","=""41587.1""","=""1s2.3p""","=""2P*""","=""3/2""","=""1s2.8s""","=""2S""","=""1/2""",,"=""T5118LS""","=""""",
Li,2,"=""""","=""940.613""","=""0.016""","=""""","=""1.090e+04""",AA,"=""[581885.11]""","=""[592513.56]""","=""1s.4p""","=""3P*""","=""1""","=""1s.5d""","=""1D""","=""2""",,"=""T8636c73""","=""""",
Li,2,"=""""","=""940.677""","=""0.016""","=""""","=""4.320e+03""",AA,"=""[581885.83]""","=""[592513.56]""","=""1s.4p""","=""3P*""","=""2""","=""1s.5d""","=""1D""","=""2""",,"=""T8636c73""","=""""",
Li,2,"=""""","=""941.528""","=""0.020""","=""""","=""3.5388e+07""",AAA,"=""[581884.71]""","=""[592502.83]""","=""1s.4p""","=""3P*""","=""0""","=""1s.5d""","=""3D""","=""1""",,"=""T8636c73""","=""""",
Li,2,"=""""","=""941.529""","=""0.013""","=""""","=""7.9615e+07""",AAA,"=""[581885.11]""","=""[592503.22]""","=""1s.4p""","=""3P*""","=""1""","=""1s.5d""","=""3D""","=""2""",,"=""T8636c73""","=""""",
Li,2,"=""""","=""941.534""","=""0.013""","=""""","=""1.4863e+08""",AAA,"=""[581885.83]""","=""[592503.88]""","=""1s.4p""","=""3P*""","=""2""","=""1s.5d""","=""3D""","=""3""",,"=""T8636c73""","=""""",
Li,2,"=""""","=""941.563""","=""0.020""","=""""","=""2.6542e+07""",AAA,"=""[581885.11]""","=""[592502.83]""","=""1s.4p""","=""3P*""","=""1""","=""1s.5d""","=""3D""","=""1""",,"=""T8636c73""","=""""",
Li,2,"=""""","=""941.593""","=""0.013""","=""""","=""2.6538e+07""",AAA,"=""[581885.83]""","=""[592503.22]""","=""1s.4p""","=""3P*""","=""2""","=""1s.5d""","=""3D""","=""2""",,"=""T8636c73""","=""""",
Li,2,"=""""","=""941.627""","=""0.020""","=""""","=""1.7694e+06""",AAA,"=""[581885.83]""","=""[592502.83]""","=""1s.4p""","=""3P*""","=""2""","=""1s.5d""","=""3D""","=""1""",,"=""T8636c73""","=""""",
Li,1,"=""""","=""954.980""","=""0.013""","=""""","=""1.83e+04""",B,"=""31283.08""","=""41751.63""","=""1s2.3d""","=""2D""","=""3/2""","=""1s2.8p""","=""2P*""","=""3/2""",,"=""T5118LS""","=""""",
Li,1,"=""""","=""954.980""","=""0.013""","=""""","=""9.14e+04""",B,"=""31283.08""","=""41751.63""","=""1s2.3d""","=""2D""","=""3/2""","=""1s2.8p""","=""2P*""","=""1/2""",,"=""T5118LS""","=""""",
Li,1,"=""""","=""954.984""","=""0.013""","=""""","=""1.64e+05""",B,"=""31283.12""","=""41751.63""","=""1s2.3d""","=""2D""","=""5/2""","=""1s2.8p""","=""2P*""","=""3/2""",,"=""T5118LS""","=""""",
Li,2,"=""958.142""","=""958.141""","=""0.017""","=""""","=""1.5427e+07""",AAA,"=""[491373.71]""","=""[501807.72]""","=""1s.2s""","=""1S""","=""0""","=""1s.2p""","=""1P*""","=""1""",,"=""T8636c73""","=""L4834""",
Li,1,"=""""","=""968.62""","=""0.09""","=""""","=""8.16e+05""",A,"=""30925.38""","=""41246.5""","=""1s2.3p""","=""2P*""","=""3/2""","=""1s2.7d""","=""2D""","=""3/2""",,"=""T5118LS""","=""""",
Li,1,"=""""","=""968.62""","=""0.09""","=""""","=""7.38e+06""",A,"=""30925.38""","=""41246.5""","=""1s2.3p""","=""2P*""","=""3/2""","=""1s2.7d""","=""2D""","=""5/2""",,"=""T5118LS""","=""""",
Li,1,"=""""","=""968.62""","=""0.09""","=""""","=""4.08e+06""",A,"=""30925.38""","=""41246.5""","=""1s2.3p""","=""2P*""","=""1/2""","=""1s2.7d""","=""2D""","=""3/2""",,"=""T5118LS""","=""""",
Li,1,"=""""","=""995.49""","=""0.10""","=""""","=""5.74e+05""",B,"=""30925.38""","=""40967.9""","=""1s2.3p""","=""2P*""","=""1/2""","=""1s2.7s""","=""2S""","=""1/2""",,"=""T5118LS""","=""""",
Li,1,"=""""","=""995.49""","=""0.10""","=""""","=""1.15e+06""",B,"=""30925.38""","=""40967.9""","=""1s2.3p""","=""2P*""","=""3/2""","=""1s2.7s""","=""2S""","=""1/2""",,"=""T5118LS""","=""""",
Li,2,"=""""","=""1000.89""","=""0.23""","=""""","=""7.7391e+06""",AAA,"=""[582630.08]""","=""[592618.4]""","=""1s.4d""","=""1D""","=""2""","=""1s.5p""","=""1P*""","=""1""",,"=""T8636c73""","=""""",
Li,1,"=""""","=""1006.341""","=""0.014""","=""""","=""2.84e+04""",A,"=""31283.08""","=""41217.35""","=""1s2.3d""","=""2D""","=""3/2""","=""1s2.7p""","=""2P*""","=""3/2""",,"=""T5118LS""","=""""",
Li,1,"=""""","=""1006.341""","=""0.014""","=""""","=""1.42e+05""",A,"=""31283.08""","=""41217.35""","=""1s2.3d""","=""2D""","=""3/2""","=""1s2.7p""","=""2P*""","=""1/2""",,"=""T5118LS""","=""""",
Li,1,"=""""","=""1006.345""","=""0.014""","=""""","=""2.54e+05""",A,"=""31283.12""","=""41217.35""","=""1s2.3d""","=""2D""","=""5/2""","=""1s2.7p""","=""2P*""","=""3/2""",,"=""T5118LS""","=""""",
Li,2,"=""""","=""1009.039""","=""0.014""","=""""","=""5.297e+07""",AA,"=""[582612.54]""","=""[592520.24]""","=""1s.4d""","=""3D""","=""2""","=""1s.5f""","=""1F*""","=""3""",,"=""T8636c73""","=""""",
Li,2,"=""""","=""1009.102""","=""0.023""","=""""","=""1.7374e+08""",AAA,"=""[582612.15]""","=""[592519.24]""","=""1s.4d""","=""3D""","=""1""","=""1s.5f""","=""3F*""","=""2""",,"=""T8636c73""","=""""",
Li,2,"=""""","=""1009.107""","=""0.014""","=""""","=""7.021e+06""",AA,"=""[582613.20]""","=""[592520.24]""","=""1s.4d""","=""3D""","=""3""","=""1s.5f""","=""1F*""","=""3""",,"=""T8636c73""","=""""",
Li,2,"=""""","=""1009.141""","=""0.014""","=""""","=""3.2167e+07""",AAA,"=""[582612.54]""","=""[592519.24]""","=""1s.4d""","=""3D""","=""2""","=""1s.5f""","=""3F*""","=""2""",,"=""T8636c73""","=""""",
Li,2,"=""""","=""1009.141""","=""0.014""","=""""","=""2.0442e+08""",AAA,"=""[582612.54]""","=""[592519.24]""","=""1s.4d""","=""3D""","=""2""","=""1s.5f""","=""3F*""","=""3""",,"=""T8636c73""","=""""",
Li,2,"=""""","=""1009.208""","=""0.014""","=""""","=""9.1925e+05""",AAA,"=""[582613.20]""","=""[592519.24]""","=""1s.4d""","=""3D""","=""3""","=""1s.5f""","=""3F*""","=""2""",,"=""T8636c73""","=""""",
Li,2,"=""""","=""1009.208""","=""0.014""","=""""","=""2.5155e+07""",AAA,"=""[582613.20]""","=""[592519.24]""","=""1s.4d""","=""3D""","=""3""","=""1s.5f""","=""3F*""","=""3""",,"=""T8636c73""","=""""",
Li,2,"=""""","=""1009.208""","=""0.014""","=""""","=""3.7228e+08""",AAA,"=""[582613.20]""","=""[592519.24]""","=""1s.4d""","=""3D""","=""3""","=""1s.5f""","=""3F*""","=""4""",,"=""T8636c73""","=""""",
Li,2,"=""""","=""1010.829""","=""0.018""","=""""","=""2.2963e+08""",AAA,"=""[582630.08]""","=""[592520.24]""","=""1s.4d""","=""1D""","=""2""","=""1s.5f""","=""1F*""","=""3""",,"=""T8636c73""","=""""",
Li,2,"=""""","=""1010.931""","=""0.018""","=""""","=""6.455e+03""",AA,"=""[582630.08]""","=""[592519.24]""","=""1s.4d""","=""1D""","=""2""","=""1s.5f""","=""3F*""","=""2""",,"=""T8636c73""","=""""",
Li,2,"=""""","=""1010.931""","=""0.018""","=""""","=""6.002e+07""",AA,"=""[582630.08]""","=""[592519.24]""","=""1s.4d""","=""1D""","=""2""","=""1s.5f""","=""3F*""","=""3""",,"=""T8636c73""","=""""",
Li,2,"=""1012.0""","=""""","=""""","=""""","=""""",,"=""""","=""""","=""""","=""""","=""""","=""""","=""""","=""""",,"=""""","=""L1614""",
Li,2,"=""""","=""1012.744""","=""0.019""","=""""","=""1.162e+06""",AA,"=""[582642.10]""","=""[592513.56]""","=""1s.4f""","=""3F*""","=""3""","=""1s.5d""","=""1D""","=""2""",,"=""T8636c73""","=""""",
Li,2,"=""""","=""1012.854""","=""0.019""","=""""","=""2.9251e+06""",AAA,"=""[582643.17]""","=""[592513.56]""","=""1s.4f""","=""1F*""","=""3""","=""1s.5d""","=""1D""","=""2""",,"=""T8636c73""","=""""",
Li,2,"=""""","=""1013.738""","=""0.015""","=""""","=""1.3192e+04""",AAA,"=""[582642.10]""","=""[592503.88]""","=""1s.4f""","=""3F*""","=""2""","=""1s.5d""","=""3D""","=""3""",,"=""T8636c73""","=""""",
Li,2,"=""""","=""1013.738""","=""0.015""","=""""","=""3.2532e+05""",AAA,"=""[582642.10]""","=""[592503.88]""","=""1s.4f""","=""3F*""","=""3""","=""1s.5d""","=""3D""","=""3""",,"=""T8636c73""","=""""",
Li,2,"=""""","=""1013.738""","=""0.015""","=""""","=""5.3430e+06""",AAA,"=""[582642.10]""","=""[592503.88]""","=""1s.4f""","=""3F*""","=""4""","=""1s.5d""","=""3D""","=""3""",,"=""T8636c73""","=""""",
Li,2,"=""""","=""1013.806""","=""0.015""","=""""","=""4.6166e+05""",AAA,"=""[582642.10]""","=""[592503.22]""","=""1s.4f""","=""3F*""","=""2""","=""1s.5d""","=""3D""","=""2""",,"=""T8636c73""","=""""",
Li,2,"=""""","=""1013.806""","=""0.015""","=""""","=""2.6476e+06""",AAA,"=""[582642.10]""","=""[592503.22]""","=""1s.4f""","=""3F*""","=""3""","=""1s.5d""","=""3D""","=""2""",,"=""T8636c73""","=""""",
Li,2,"=""""","=""1013.846""","=""0.023""","=""""","=""2.4934e+06""",AAA,"=""[582642.10]""","=""[592502.83]""","=""1s.4f""","=""3F*""","=""2""","=""1s.5d""","=""3D""","=""1""",,"=""T8636c73""","=""""",
Li,2,"=""""","=""1013.848""","=""0.015""","=""""","=""1.364e+05""",AA,"=""[582643.17]""","=""[592503.88]""","=""1s.4f""","=""1F*""","=""3""","=""1s.5d""","=""3D""","=""3""",,"=""T8636c73""","=""""",
Li,2,"=""""","=""1013.916""","=""0.015""","=""""","=""1.046e+06""",AA,"=""[582643.17]""","=""[592503.22]""","=""1s.4f""","=""1F*""","=""3""","=""1s.5d""","=""3D""","=""2""",,"=""T8636c73""","=""""",
Li,2,"=""""","=""1022.0""","=""0.3""","=""""","=""8.6850e+01""",AAA,"=""[582836.5]""","=""[592618.4]""","=""1s.4p""","=""1P*""","=""1""","=""1s.5p""","=""1P*""","=""1""",E2,"=""T7378""","=""""",
Li,2,"=""""","=""1033.09""","=""0.13""","=""""","=""1.2211e+08""",AAA,"=""[582836.5]""","=""[592513.56]""","=""1s.4p""","=""1P*""","=""1""","=""1s.5d""","=""1D""","=""2""",,"=""T8636c73""","=""""",
Li,2,"=""""","=""1034.19""","=""0.13""","=""""","=""1.818e+04""",AA,"=""[582836.5]""","=""[592503.22]""","=""1s.4p""","=""1P*""","=""1""","=""1s.5d""","=""3D""","=""2""",,"=""T8636c73""","=""""",
Li,2,"=""""","=""1049.947""","=""0.025""","=""""","=""2.3800e+05""",AAA,"=""[582612.15]""","=""[592133.83]""","=""1s.4d""","=""3D""","=""1""","=""1s.5p""","=""3P*""","=""2""",,"=""T8636c73""","=""""",
Li,2,"=""""","=""1049.990""","=""0.016""","=""""","=""3.5694e+06""",AAA,"=""[582612.54]""","=""[592133.83]""","=""1s.4d""","=""3D""","=""2""","=""1s.5p""","=""3P*""","=""2""",,"=""T8636c73""","=""""",
Li,2,"=""""","=""1050.021""","=""0.025""","=""""","=""3.5700e+06""",AAA,"=""[582612.15]""","=""[592133.16]""","=""1s.4d""","=""3D""","=""1""","=""1s.5p""","=""3P*""","=""1""",,"=""T8636c73""","=""""",
Li,2,"=""""","=""1050.063""","=""0.025""","=""""","=""4.7601e+06""",AAA,"=""[582612.15]""","=""[592132.78]""","=""1s.4d""","=""3D""","=""1""","=""1s.5p""","=""3P*""","=""0""",,"=""T8636c73""","=""""",
Li,2,"=""""","=""1050.063""","=""0.016""","=""""","=""1.9992e+07""",AAA,"=""[582613.20]""","=""[592133.83]""","=""1s.4d""","=""3D""","=""3""","=""1s.5p""","=""3P*""","=""2""",,"=""T8636c73""","=""""",
Li,2,"=""""","=""1050.064""","=""0.016""","=""""","=""1.0708e+07""",AAA,"=""[582612.54]""","=""[592133.16]""","=""1s.4d""","=""3D""","=""2""","=""1s.5p""","=""3P*""","=""1""",,"=""T8636c73""","=""""",
Li,1,"=""""","=""1051.022""","=""0.016""","=""""","=""1.18e+07""",A,"=""30925.38""","=""40437.32""","=""1s2.3p""","=""2P*""","=""3/2""","=""1s2.6d""","=""2D""","=""5/2""",,"=""T5118LS""","=""""",
Li,1,"=""""","=""1051.023""","=""0.016""","=""""","=""1.31e+06""",A,"=""30925.38""","=""40437.31""","=""1s2.3p""","=""2P*""","=""3/2""","=""1s2.6d""","=""2D""","=""3/2""",,"=""T5118LS""","=""""",
Li,1,"=""""","=""1051.023""","=""0.016""","=""""","=""6.56e+06""",A,"=""30925.38""","=""40437.31""","=""1s2.3p""","=""2P*""","=""1/2""","=""1s2.6d""","=""2D""","=""3/2""",,"=""T5118LS""","=""""",
Li,2,"=""""","=""1051.928""","=""0.020""","=""""","=""7.160e+02""",AA,"=""[582630.08]""","=""[592133.83]""","=""1s.4d""","=""1D""","=""2""","=""1s.5p""","=""3P*""","=""2""",,"=""T8636c73""","=""""",
Li,2,"=""""","=""1052.002""","=""0.020""","=""""","=""1.974e+03""",AA,"=""[582630.08]""","=""[592133.16]""","=""1s.4d""","=""1D""","=""2""","=""1s.5p""","=""3P*""","=""1""",,"=""T8636c73""","=""""",
Li,2,"=""""","=""1068.243""","=""0.024""","=""""","=""2.3547e+01""",AAA,"=""[582630.08]""","=""[591988.68]""","=""1s.4d""","=""1D""","=""2""","=""1s.5s""","=""1S""","=""0""",E2,"=""T7378""","=""""",
Li,2,"=""""","=""1075.127""","=""0.016""","=""""","=""7.6914e+06""",AAA,"=""[581884.71]""","=""[591183.39]""","=""1s.4p""","=""3P*""","=""0""","=""1s.5s""","=""3S""","=""1""",,"=""T8636c73""","=""""",
Li,2,"=""""","=""1075.173""","=""0.016""","=""""","=""2.3074e+07""",AAA,"=""[581885.11]""","=""[591183.39]""","=""1s.4p""","=""3P*""","=""1""","=""1s.5s""","=""3S""","=""1""",,"=""T8636c73""","=""""",
Li,2,"=""""","=""1075.256""","=""0.016""","=""""","=""3.8457e+07""",AAA,"=""[581885.83]""","=""[591183.39]""","=""1s.4p""","=""3P*""","=""2""","=""1s.5s""","=""3S""","=""1""",,"=""T8636c73""","=""""",
Li,1,"=""""","=""1079.218""","=""0.016""","=""""","=""1.4e+03""",D,"=""27206.12""","=""36469.55""","=""1s2.3s""","=""2S""","=""1/2""","=""1s2.4p""","=""2P*""","=""1/2""",,"=""T6620,T5118,LS""","=""""",
Li,1,"=""""","=""1079.218""","=""0.016""","=""""","=""2.7e+03""",D,"=""27206.12""","=""36469.55""","=""1s2.3s""","=""2S""","=""1/2""","=""1s2.4p""","=""2P*""","=""3/2""",,"=""T6620,T5118,LS""","=""""",
Li,2,"=""""","=""1092.34""","=""0.14""","=""""","=""1.8062e+07""",AAA,"=""[582836.5]""","=""[591988.68]""","=""1s.4p""","=""1P*""","=""1""","=""1s.5s""","=""1S""","=""0""",,"=""T8636c73""","=""""",
Li,1,"=""""","=""1097.664""","=""0.017""","=""""","=""4.76e+04""",A,"=""31283.08""","=""40390.84""","=""1s2.3d""","=""2D""","=""3/2""","=""1s2.6p""","=""2P*""","=""3/2""",,"=""T5118LS""","=""""",
Li,1,"=""""","=""1097.664""","=""0.017""","=""""","=""2.38e+05""",A,"=""31283.08""","=""40390.84""","=""1s2.3d""","=""2D""","=""3/2""","=""1s2.6p""","=""2P*""","=""1/2""",,"=""T5118LS""","=""""",
Li,1,"=""""","=""1097.669""","=""0.017""","=""""","=""4.28e+05""",A,"=""31283.12""","=""40390.84""","=""1s2.3d""","=""2D""","=""5/2""","=""1s2.6p""","=""2P*""","=""3/2""",,"=""T5118LS""","=""""",
Li,1,"=""""","=""1103.175""","=""0.017""","=""""","=""9.72e+05""",A,"=""30925.38""","=""39987.64""","=""1s2.3p""","=""2P*""","=""1/2""","=""1s2.6s""","=""2S""","=""1/2""",,"=""T5118LS""","=""""",
Li,1,"=""""","=""1103.175""","=""0.017""","=""""","=""1.95e+06""",A,"=""30925.38""","=""39987.64""","=""1s2.3p""","=""2P*""","=""3/2""","=""1s2.6s""","=""2S""","=""1/2""",,"=""T5118LS""","=""""",
Li,2,"=""""","=""1089""","=""4""","=""""","=""5.3178e+06""",AAA,"=""[591988.68]""","=""[601169]""","=""1s.5s""","=""1S""","=""0""","=""1s.7p""","=""1P*""","=""1""",,"=""T8636c73""","=""""",
